T_s,Sa_EW_g,Sv_EW_cm_s,Sd_EW_cm,Sa_NS_g,Sv_NS_cm_s,Sd_NS_cm,Sa_VER_g,Sv_VER_cm_s,Sd_VER_cm,Sa_RotD50_approx_g,PSA_EW_g,PSA_NS_g,PSA_geo_mean_g
0.0000,1.95647786e-01,0.00000000e+00,0.00000000e+00,2.28194924e-01,0.00000000e+00,0.00000000e+00,8.19603791e-02,0.00000000e+00,0.00000000e+00,2.11295602e-01,1.95647786e-01,2.28194924e-01,2.11295602e-01
0.0100,1.95548315e-01,4.85995754e-04,4.85995754e-04,2.28151771e-01,5.67025043e-04,5.67025043e-04,8.19537029e-02,2.03679339e-04,2.03679339e-04,2.11221908e-01,1.95579443e-01,2.28188088e-01,2.11255530e-01
0.0200,1.97201928e-01,1.96073401e-03,1.96073401e-03,2.29187499e-01,2.27875928e-03,2.27875928e-03,8.51037533e-02,8.46167300e-04,8.46167300e-04,2.12594019e-01,1.97264720e-01,2.29260475e-01,2.12661711e-01
0.0300,2.00838055e-01,4.49371161e-03,4.49371161e-03,2.30559749e-01,5.15872861e-03,5.15872861e-03,9.13373512e-02,2.04365510e-03,2.04365510e-03,2.15186365e-01,2.00933994e-01,2.30669886e-01,2.15289158e-01
0.0400,2.03574101e-01,8.09894310e-03,8.09894310e-03,2.34462047e-01,9.32778171e-03,9.32778171e-03,9.99653324e-02,3.97699675e-03,3.97699675e-03,2.18472883e-01,2.03703783e-01,2.34611405e-01,2.18612055e-01
0.0500,2.11727578e-01,1.31635324e-02,1.31635324e-02,2.40344800e-01,1.49427231e-02,1.49427231e-02,1.31090021e-01,8.15013216e-03,8.15013216e-03,2.25582851e-01,2.11896200e-01,2.40536213e-01,2.25762507e-01
0.0600,2.12573601e-01,1.90342610e-02,1.90342610e-02,2.47500254e-01,2.21616626e-02,2.21616626e-02,2.42376259e-01,2.17028500e-02,2.17028500e-02,2.29373102e-01,2.12776788e-01,2.47736825e-01,2.29592347e-01
0.0700,2.24533253e-01,2.73697058e-02,2.73697058e-02,2.46751994e-01,3.00780816e-02,3.00780816e-02,2.61883344e-01,3.19225326e-02,3.19225326e-02,2.35380602e-01,2.24783681e-01,2.47027203e-01,2.35643129e-01
0.0800,2.46738446e-01,3.92897607e-02,3.92897607e-02,2.70259928e-01,4.30352385e-02,4.30352385e-02,2.10554587e-01,3.35279705e-02,3.35279705e-02,2.58231514e-01,2.47053004e-01,2.70604472e-01,2.58560723e-01
0.0900,2.49130762e-01,5.02162378e-02,5.02162378e-02,2.75998458e-01,5.56318461e-02,5.56318461e-02,2.06211140e-01,4.15651105e-02,4.15651105e-02,2.62220720e-01,2.49488127e-01,2.76394363e-01,2.62596862e-01
0.1000,2.67343936e-01,6.65382479e-02,6.65382479e-02,3.00692865e-01,7.48383398e-02,7.48383398e-02,1.60947436e-01,4.00576148e-02,4.00576148e-02,2.83528507e-01,2.67770106e-01,3.01172195e-01,2.83980475e-01
0.1100,3.42470386e-01,1.03152237e-01,1.03152237e-01,4.63968918e-01,1.39747651e-01,1.39747651e-01,1.82524974e-01,5.49766057e-02,5.49766057e-02,3.98617128e-01,3.43071002e-01,4.64782615e-01,3.99316212e-01
0.1200,3.96303201e-01,1.42078897e-01,1.42078897e-01,5.89503063e-01,2.11343095e-01,2.11343095e-01,2.01986746e-01,7.24143889e-02,7.24143889e-02,4.83344547e-01,3.97061533e-01,5.90631086e-01,4.84269433e-01
0.1300,4.79990971e-01,2.01989380e-01,2.01989380e-01,4.71061539e-01,1.98231704e-01,1.98231704e-01,1.77138181e-01,7.45431340e-02,7.45431340e-02,4.75505295e-01,4.80986138e-01,4.72038193e-01,4.76491162e-01
0.1400,4.79308339e-01,2.33964027e-01,2.33964027e-01,5.11473432e-01,2.49664723e-01,2.49664723e-01,1.62613611e-01,7.93763265e-02,7.93763265e-02,4.95129762e-01,4.80378704e-01,5.12615626e-01,4.96235459e-01
0.1500,5.06994401e-01,2.84140404e-01,2.84140404e-01,5.23840696e-01,2.93581756e-01,2.93581756e-01,2.21574984e-01,1.24179686e-01,1.24179686e-01,5.15348717e-01,5.08207657e-01,5.25094266e-01,5.16581965e-01
0.1600,4.93975802e-01,3.15037494e-01,3.15037494e-01,5.20494008e-01,3.31949717e-01,3.31949717e-01,2.11956447e-01,1.35177123e-01,1.35177123e-01,5.07061579e-01,4.95236913e-01,5.21822819e-01,5.08356098e-01
0.1700,4.96296953e-01,3.57375978e-01,3.57375978e-01,4.74311878e-01,3.41544856e-01,3.41544856e-01,1.85189878e-01,1.33352448e-01,1.33352448e-01,4.85179905e-01,4.97643394e-01,4.75598674e-01,4.86496185e-01
0.1800,5.22089955e-01,4.21546576e-01,4.21546576e-01,5.73743920e-01,4.63253090e-01,4.63253090e-01,1.99957639e-01,1.61450067e-01,1.61450067e-01,5.47307900e-01,5.23589930e-01,5.75392298e-01,5.48880327e-01
0.1900,5.39245700e-01,4.85197366e-01,4.85197366e-01,6.71780428e-01,6.04448203e-01,6.04448203e-01,2.17386563e-01,1.95598013e-01,1.95598013e-01,6.01875990e-01,5.40881294e-01,6.73818016e-01,6.03701549e-01
0.2000,5.31772379e-01,5.30248739e-01,5.30248739e-01,6.57495286e-01,6.55611424e-01,6.55611424e-01,2.68453474e-01,2.67684299e-01,2.67684299e-01,5.91301811e-01,5.33470468e-01,6.59594841e-01,5.93189994e-01
0.2100,5.10145001e-01,5.60912927e-01,5.60912927e-01,6.49098404e-01,7.13694508e-01,7.13694508e-01,2.87578091e-01,3.16196902e-01,3.16196902e-01,5.75442705e-01,5.11855753e-01,6.51275131e-01,5.77372430e-01
0.2200,5.17969510e-01,6.25146982e-01,6.25146982e-01,5.78531732e-01,6.98240649e-01,6.98240649e-01,2.84608660e-01,3.43499456e-01,3.43499456e-01,5.47413735e-01,5.19789505e-01,5.80564526e-01,5.49337189e-01
0.2300,4.47314300e-01,5.90160862e-01,5.90160862e-01,5.49007849e-01,7.24329503e-01,7.24329503e-01,3.05329478e-01,4.02834221e-01,4.02834221e-01,4.95559342e-01,4.48957739e-01,5.51024910e-01,4.97380034e-01
0.2400,3.68296825e-01,5.29165825e-01,5.29165825e-01,4.51423420e-01,6.48601427e-01,6.48601427e-01,3.04085141e-01,4.36907009e-01,4.36907009e-01,4.07747241e-01,3.69709010e-01,4.53154342e-01,4.09310693e-01
0.2500,3.36455178e-01,5.24623759e-01,5.24623759e-01,4.28186944e-01,6.67658156e-01,6.67658156e-01,2.89988468e-01,4.52169708e-01,4.52169708e-01,3.79559896e-01,3.37799239e-01,4.29897451e-01,3.81076150e-01
0.2600,2.98516995e-01,5.03530613e-01,5.03530613e-01,4.23854654e-01,7.14946879e-01,7.14946879e-01,2.26612594e-01,3.82244161e-01,3.82244161e-01,3.55707489e-01,2.99757400e-01,4.25615865e-01,3.57185533e-01
0.2700,2.89692005e-01,5.27039994e-01,5.27039994e-01,3.96201865e-01,7.20814607e-01,7.20814607e-01,1.97333697e-01,3.59011463e-01,3.59011463e-01,3.38786825e-01,2.90942237e-01,3.97911765e-01,3.40248937e-01
0.2800,3.39298295e-01,6.63967312e-01,6.63967312e-01,4.43146645e-01,8.67186458e-01,8.67186458e-01,1.83533229e-01,3.59153190e-01,3.59153190e-01,3.87761397e-01,3.40817091e-01,4.45130296e-01,3.89497128e-01
0.2900,3.93980124e-01,8.27158434e-01,8.27158434e-01,5.40096050e-01,1.13392777e+00,1.13392777e+00,1.63466045e-01,3.43195785e-01,3.43195785e-01,4.61288531e-01,3.95806968e-01,5.42600419e-01,4.63427477e-01
0.3000,3.90530738e-01,8.77577686e-01,8.77577686e-01,6.62313920e-01,1.48831285e+00,1.48831285e+00,1.68042536e-01,3.77615295e-01,3.77615295e-01,5.08580322e-01,3.92404331e-01,6.65491407e-01,5.11020264e-01
0.3100,4.11655805e-01,9.87904421e-01,9.87904421e-01,7.83708739e-01,1.88076864e+00,1.88076864e+00,1.72800052e-01,4.14690946e-01,4.14690946e-01,5.67994940e-01,4.13696904e-01,7.87594575e-01,5.70811210e-01
0.3200,4.62848317e-01,1.18376477e+00,1.18376477e+00,8.10705883e-01,2.07343319e+00,2.07343319e+00,1.79339658e-01,4.58672877e-01,4.58672877e-01,6.12563347e-01,4.65217651e-01,8.14855910e-01,6.15699076e-01
0.3300,4.31252824e-01,1.17315684e+00,1.17315684e+00,6.78466968e-01,1.84566482e+00,1.84566482e+00,1.62030561e-01,4.40779169e-01,4.40779169e-01,5.40916626e-01,4.33529771e-01,6.82049167e-01,5.43772581e-01
0.3400,3.87281470e-01,1.11853683e+00,1.11853683e+00,5.36846308e-01,1.55050632e+00,1.55050632e+00,1.61144138e-01,4.65412542e-01,4.65412542e-01,4.55972178e-01,3.89388556e-01,5.39767133e-01,4.58452990e-01
0.3500,4.08572977e-01,1.25066491e+00,1.25066491e+00,4.28416860e-01,1.31140816e+00,1.31140816e+00,1.53208824e-01,4.68980846e-01,4.68980846e-01,4.18377284e-01,4.10861650e-01,4.30816692e-01,4.20720877e-01
0.3600,4.27270292e-01,1.38392467e+00,1.38392467e+00,3.71847739e-01,1.20441151e+00,1.20441151e+00,1.40180936e-01,4.54044802e-01,4.54044802e-01,3.98596904e-01,4.29732478e-01,3.73990547e-01,4.00893857e-01
0.3700,4.79061095e-01,1.63933845e+00,1.63933845e+00,3.66432866e-01,1.25392668e+00,1.25392668e+00,1.22406123e-01,4.18871552e-01,4.18871552e-01,4.18979391e-01,4.81898868e-01,3.68603474e-01,4.21461264e-01
0.3800,4.78674159e-01,1.72802884e+00,1.72802884e+00,4.20404871e-01,1.51767487e+00,1.51767487e+00,1.10651817e-01,3.99456555e-01,3.99456555e-01,4.48594414e-01,4.81586741e-01,4.22962903e-01,4.51323970e-01
0.3900,4.36031089e-01,1.65828826e+00,1.65828826e+00,4.63439294e-01,1.76252556e+00,1.76252556e+00,1.05608412e-01,4.01643812e-01,4.01643812e-01,4.49526351e-01,4.38754456e-01,4.66333848e-01,4.52334007e-01
0.4000,4.58973343e-01,1.83649757e+00,1.83649757e+00,4.98294967e-01,1.99383583e+00,1.99383583e+00,1.08843576e-01,4.35517589e-01,4.35517589e-01,4.78230182e-01,4.61913979e-01,5.01487536e-01,4.81294196e-01
0.4100,5.13281706e-01,2.15812194e+00,2.15812194e+00,5.74409206e-01,2.41513597e+00,2.41513597e+00,1.07679967e-01,4.52746508e-01,4.52746508e-01,5.42985945e-01,5.16653049e-01,5.78182047e-01,5.46552392e-01
0.4200,5.60717040e-01,2.47436861e+00,2.47436861e+00,6.24695998e-01,2.75669911e+00,2.75669911e+00,1.11260479e-01,4.90977477e-01,4.90977477e-01,5.91842624e-01,5.64490381e-01,6.28899884e-01,5.95825423e-01
0.4300,5.96340315e-01,2.75881599e+00,2.75881599e+00,6.26152379e-01,2.89673388e+00,2.89673388e+00,1.14902472e-01,5.31566907e-01,5.31566907e-01,6.11064569e-01,6.00449590e-01,6.30467083e-01,6.15275305e-01
0.4400,6.26140556e-01,3.03346118e+00,3.03346118e+00,6.65212298e-01,3.22275193e+00,3.22275193e+00,1.21532525e-01,5.88788243e-01,5.88788243e-01,6.45380816e-01,6.30556226e-01,6.69903510e-01,6.49932173e-01
0.4500,6.36556753e-01,3.22621291e+00,3.22621291e+00,6.82666418e-01,3.45990707e+00,3.45990707e+00,1.28834004e-01,6.52959730e-01,6.52959730e-01,6.59208555e-01,6.41148642e-01,6.87590926e-01,6.63963846e-01
0.4600,6.58576753e-01,3.48837007e+00,3.48837007e+00,6.88393037e-01,3.64630190e+00,3.64630190e+00,1.29307842e-01,6.84921847e-01,6.84921847e-01,6.73319873e-01,6.63433836e-01,6.93470019e-01,6.78285688e-01
0.4700,6.61284370e-01,3.65724539e+00,3.65724539e+00,6.87267433e-01,3.80094520e+00,3.80094520e+00,1.28076874e-01,7.08331510e-01,7.08331510e-01,6.74150734e-01,6.66268245e-01,6.92447134e-01,6.79231578e-01
0.4800,6.43496763e-01,3.71251840e+00,3.71251840e+00,6.95195647e-01,4.01078418e+00,4.01078418e+00,1.28087758e-01,7.38975213e-01,7.38975213e-01,6.68846880e-01,6.48450560e-01,7.00547435e-01,6.73995829e-01
0.4900,7.15715463e-01,4.30370002e+00,4.30370002e+00,7.11475581e-01,4.27820500e+00,4.27820500e+00,1.27720668e-01,7.68002744e-01,7.68002744e-01,7.13592373e-01,7.21340907e-01,7.17067699e-01,7.19201129e-01
0.5000,8.07642011e-01,5.05752468e+00,5.05752468e+00,7.70407828e-01,4.82436098e+00,4.82436098e+00,1.28587752e-01,8.05227713e-01,8.05227713e-01,7.88805253e-01,8.14120576e-01,7.76587717e-01,7.95132718e-01
0.5100,8.50163809e-01,5.53977016e+00,5.53977016e+00,8.43496386e-01,5.49632442e+00,5.49632442e+00,1.30526023e-01,8.50523345e-01,8.50523345e-01,8.46823536e-01,8.57120976e-01,8.50398991e-01,8.53753368e-01
0.5200,8.12612509e-01,5.50565081e+00,5.50565081e+00,8.98267580e-01,6.08598510e+00,6.08598510e+00,1.39640618e-01,9.46099739e-01,9.46099739e-01,8.54367294e-01,8.19393860e-01,9.05763732e-01,8.61497093e-01
0.5300,7.13573043e-01,5.02317547e+00,5.02317547e+00,8.93632666e-01,6.29069964e+00,6.29069964e+00,1.46919091e-01,1.03423242e+00,1.03423242e+00,7.98543788e-01,7.19643387e-01,9.01234773e-01,8.05336976e-01
0.5400,6.86202536e-01,5.01530936e+00,5.01530936e+00,8.64090404e-01,6.31545421e+00,6.31545421e+00,1.40592145e-01,1.02755829e+00,1.02755829e+00,7.70026640e-01,6.92151136e-01,8.71581092e-01,7.76701901e-01
0.5500,6.26653938e-01,4.75204742e+00,4.75204742e+00,7.96791077e-01,6.04223280e+00,6.04223280e+00,1.29713362e-01,9.83643456e-01,9.83643456e-01,7.06620312e-01,6.32187808e-01,8.03827398e-01,7.12860351e-01
0.5600,5.61753279e-01,4.41691477e+00,4.41691477e+00,7.62202473e-01,5.99299281e+00,5.99299281e+00,1.17391684e-01,9.23019201e-01,9.23019201e-01,6.54346803e-01,5.66805029e-01,7.69056828e-01,6.60231230e-01
0.5700,5.11093303e-01,4.16406019e+00,4.16406019e+00,7.39481857e-01,6.02482354e+00,6.02482354e+00,1.12777282e-01,9.18836910e-01,9.18836910e-01,6.14771685e-01,5.15772303e-01,7.46251727e-01,6.20399848e-01
0.5800,4.69726733e-01,3.96312818e+00,3.96312818e+00,7.13297402e-01,6.01815660e+00,6.01815660e+00,1.17045650e-01,9.87525049e-01,9.87525049e-01,5.78839233e-01,4.74103173e-01,7.19943188e-01,5.84232274e-01
0.5900,4.39834748e-01,3.84060979e+00,3.84060979e+00,6.75399466e-01,5.89754633e+00,5.89754633e+00,1.19065085e-01,1.03966895e+00,1.03966895e+00,5.45035919e-01,4.44004008e-01,6.81801680e-01,5.50202398e-01
0.6000,4.14777099e-01,3.74622344e+00,3.74622344e+00,6.30642416e-01,5.69589644e+00,5.69589644e+00,1.15951835e-01,1.04726486e+00,1.04726486e+00,5.11445043e-01,4.18776117e-01,6.36722670e-01,5.16376071e-01
0.6100,3.86044411e-01,3.60448430e+00,3.60448430e+00,5.85120791e-01,5.46325407e+00,5.46325407e+00,1.13573474e-01,1.06043188e+00,1.06043188e+00,4.75271092e-01,3.89829048e-01,5.90857098e-01,4.79930474e-01
0.6200,3.49217568e-01,3.36895697e+00,3.36895697e+00,5.40816553e-01,5.21734260e+00,5.21734260e+00,1.10479615e-01,1.06581427e+00,1.06581427e+00,4.34583296e-01,3.52697852e-01,5.46206301e-01,4.38914330e-01
0.6300,3.14967844e-01,3.13785689e+00,3.13785689e+00,4.89728804e-01,4.87890726e+00,4.87890726e+00,1.09426526e-01,1.09015820e+00,1.09015820e+00,3.92745243e-01,3.18157938e-01,4.94688932e-01,3.96723090e-01
0.6400,2.91669774e-01,2.99921096e+00,2.99921096e+00,4.28142370e-01,4.40254495e+00,4.40254495e+00,1.05475107e-01,1.08458992e+00,1.08458992e+00,3.53378251e-01,2.94671270e-01,4.32548271e-01,3.57014773e-01
0.6500,3.00455682e-01,3.18737098e+00,3.18737098e+00,3.67294012e-01,3.89642248e+00,3.89642248e+00,1.01502937e-01,1.07678947e+00,1.07678947e+00,3.32198093e-01,3.03596409e-01,3.71133414e-01,3.35670630e-01
0.6600,3.11189377e-01,3.40414430e+00,3.40414430e+00,3.16401684e-01,3.46116246e+00,3.46116246e+00,1.00733912e-01,1.10194241e+00,1.10194241e+00,3.13784708e-01,3.14492881e-01,3.19760521e-01,3.17115763e-01
0.6700,3.10773644e-01,3.50395865e+00,3.50395865e+00,3.08845477e-01,3.48221865e+00,3.48221865e+00,1.02371653e-01,1.15423571e+00,1.15423571e+00,3.09808060e-01,3.14123260e-01,3.12174310e-01,3.13147269e-01
0.6800,3.08112007e-01,3.57899841e+00,3.57899841e+00,3.04921474e-01,3.54193750e+00,3.54193750e+00,1.03663618e-01,1.20414627e+00,1.20414627e+00,3.06512589e-01,3.11483044e-01,3.08257603e-01,3.09866127e-01
0.6900,3.00789765e-01,3.59804155e+00,3.59804155e+00,2.94121908e-01,3.51828078e+00,3.51828078e+00,1.03233746e-01,1.23488015e+00,1.23488015e+00,2.97437152e-01,3.04129622e-01,2.97387728e-01,3.00739784e-01
0.7000,2.89295493e-01,3.56215309e+00,3.56215309e+00,2.79523071e-01,3.44182331e+00,3.44182331e+00,1.01045969e-01,1.24419917e+00,1.24419917e+00,2.84367306e-01,2.92554801e-01,2.82672279e-01,2.87571091e-01
0.7100,2.76903145e-01,3.50824022e+00,3.50824022e+00,2.78058343e-01,3.52287606e+00,3.52287606e+00,9.81229601e-02,1.24317445e+00,1.24317445e+00,2.77480143e-01,2.80067913e-01,2.81236313e-01,2.80651505e-01
0.7200,2.68080160e-01,3.49336785e+00,3.49336785e+00,2.78708717e-01,3.63186919e+00,3.63186919e+00,1.00278501e-01,1.30673487e+00,1.30673487e+00,2.73342784e-01,2.71187742e-01,2.81939506e-01,2.76511371e-01
0.7300,2.56559700e-01,3.43731030e+00,3.43731030e+00,2.68645802e-01,3.59923628e+00,3.59923628e+00,1.02451059e-01,1.37260871e+00,1.37260871e+00,2.62533210e-01,2.59575529e-01,2.71803702e-01,2.65619257e-01
0.7400,2.46180790e-01,3.38978473e+00,3.38978473e+00,2.54132923e-01,3.49928156e+00,3.49928156e+00,1.06913813e-01,1.47214902e+00,1.47214902e+00,2.50125256e-01,2.49114731e-01,2.57161635e-01,2.53106206e-01
0.7500,2.38139627e-01,3.36882664e+00,3.36882664e+00,2.39589577e-01,3.38933827e+00,3.38933827e+00,1.14279227e-01,1.61664360e+00,1.61664360e+00,2.38863502e-01,2.41016550e-01,2.42484017e-01,2.41749170e-01
0.7600,2.30176639e-01,3.34412772e+00,3.34412772e+00,2.19482534e-01,3.18875813e+00,3.18875813e+00,1.22318168e-01,1.77710291e+00,1.77710291e+00,2.24765994e-01,2.32994893e-01,2.22169851e-01,2.27518001e-01
0.7700,2.18819492e-01,3.26386251e+00,3.26386251e+00,2.05285396e-01,3.06199096e+00,3.06199096e+00,1.27578215e-01,1.90292807e+00,1.90292807e+00,2.11944441e-01,2.21534380e-01,2.07832367e-01,2.14574031e-01
0.7800,2.02027524e-01,3.09267391e+00,3.09267391e+00,1.93868849e-01,2.96777943e+00,2.96777943e+00,1.27912850e-01,1.95811306e+00,1.95811306e+00,1.97906148e-01,2.04567037e-01,1.96305806e-01,2.00393855e-01
0.7900,1.84736127e-01,2.90141863e+00,2.90141863e+00,1.76884573e-01,2.77810412e+00,2.77810412e+00,1.23865133e-01,1.94539427e+00,1.94539427e+00,1.80767727e-01,1.87088435e-01,1.79136905e-01,1.83069504e-01
0.8000,1.80160229e-01,2.90210609e+00,2.90210609e+00,1.74333291e-01,2.80824302e+00,2.80824302e+00,1.17519352e-01,1.89305724e+00,1.89305724e+00,1.77222814e-01,1.82483684e-01,1.76581598e-01,1.79508386e-01
0.8100,1.74564546e-01,2.88317154e+00,2.88317154e+00,1.82686304e-01,3.01731345e+00,3.01731345e+00,1.10223863e-01,1.82049741e+00,1.82049741e+00,1.78579259e-01,1.76844344e-01,1.85072171e-01,1.80911488e-01
0.8200,1.67352932e-01,2.83318843e+00,2.83318843e+00,1.88157959e-01,3.18540552e+00,3.18540552e+00,1.06009008e-01,1.79467124e+00,1.79467124e+00,1.77450799e-01,1.69565886e-01,1.90646024e-01,1.79797280e-01
0.8300,1.59776156e-01,2.77174085e+00,2.77174085e+00,1.89713285e-01,3.29107970e+00,3.29107970e+00,1.01136591e-01,1.75448219e+00,1.75448219e+00,1.74102440e-01,1.61915031e-01,1.92252920e-01,1.76433096e-01
0.8400,1.56476647e-01,2.78075434e+00,2.78075434e+00,1.87579904e-01,3.33349189e+00,3.33349189e+00,9.54311522e-02,1.69591179e+00,1.69591179e+00,1.71323888e-01,1.58596932e-01,1.90121644e-01,1.73645355e-01
0.8500,1.52531477e-01,2.77601564e+00,2.77601564e+00,1.82915200e-01,3.32898801e+00,3.32898801e+00,8.92208267e-02,1.62378557e+00,1.62378557e+00,1.67033905e-01,1.54623246e-01,1.85423643e-01,1.69324557e-01
0.8600,1.47912215e-01,2.75610398e+00,2.75610398e+00,1.76670816e-01,3.29197382e+00,3.29197382e+00,8.30469587e-02,1.54744525e+00,1.54744525e+00,1.61653245e-01,1.49964832e-01,1.79122524e-01,1.63896550e-01
0.8700,1.42719875e-01,2.72199739e+00,2.72199739e+00,1.69228592e-01,3.22757979e+00,3.22757979e+00,7.87252356e-02,1.50147192e+00,1.50147192e+00,1.55410050e-01,1.44723790e-01,1.71604713e-01,1.57592146e-01
0.8800,1.36855664e-01,2.67093278e+00,2.67093278e+00,1.60985251e-01,3.14185596e+00,3.14185596e+00,7.51905251e-02,1.46744996e+00,1.46744996e+00,1.48430938e-01,1.38799641e-01,1.63271979e-01,1.50539337e-01
0.8900,1.30287828e-01,2.60129019e+00,2.60129019e+00,1.63893021e-01,3.27224203e+00,3.27224203e+00,7.21901592e-02,1.44132845e+00,1.44132845e+00,1.46127566e-01,1.32159844e-01,1.66247887e-01,1.48227173e-01
0.9000,1.23185202e-01,2.51546699e+00,2.51546699e+00,1.66458999e-01,3.39912678e+00,3.39912678e+00,6.96375161e-02,1.42201231e+00,1.42201231e+00,1.43196667e-01,1.24975342e-01,1.68877999e-01,1.45277616e-01
0.9100,1.16155891e-01,2.42532097e+00,2.42532097e+00,1.67325342e-01,3.49373291e+00,3.49373291e+00,6.73285946e-02,1.40581291e+00,1.40581291e+00,1.39412425e-01,1.17862912e-01,1.69784346e-01,1.41461222e-01
0.9200,1.10109650e-01,2.35026251e+00,2.35026251e+00,1.66447726e-01,3.55278443e+00,3.55278443e+00,6.55891999e-02,1.39998481e+00,1.39998481e+00,1.35379101e-01,1.11745861e-01,1.68921112e-01,1.37390812e-01
0.9300,1.05712069e-01,2.30608843e+00,2.30608843e+00,1.69665630e-01,3.70122308e+00,3.70122308e+00,6.44000404e-02,1.40487449e+00,1.40487449e+00,1.33924250e-01,1.07300264e-01,1.72214650e-01,1.35936299e-01
0.9400,1.02901908e-01,2.29369036e+00,2.29369036e+00,1.73804109e-01,3.87410511e+00,3.87410511e+00,6.33439083e-02,1.41193992e+00,1.41193992e+00,1.33733969e-01,1.04464760e-01,1.76443808e-01,1.35765091e-01
0.9500,1.01145005e-01,2.30312484e+00,2.30312484e+00,1.75696558e-01,4.00070281e+00,4.00070281e+00,6.19820972e-02,1.41136488e+00,1.41136488e+00,1.33307274e-01,1.02697766e-01,1.78393822e-01,1.35353785e-01
0.9600,1.00527428e-01,2.33788451e+00,2.33788451e+00,1.75177808e-01,4.07396758e+00,4.07396758e+00,6.00105524e-02,1.39561654e+00,1.39561654e+00,1.32703332e-01,1.02087206e-01,1.77895856e-01,1.34762349e-01
0.9700,1.01160133e-01,2.40225482e+00,2.40225482e+00,1.72419662e-01,4.09445848e+00,4.09445848e+00,5.74646183e-02,1.36461521e+00,1.36461521e+00,1.32068149e-01,1.02746334e-01,1.75123219e-01,1.34138990e-01
0.9800,1.01040406e-01,2.44953505e+00,2.44953505e+00,1.68077977e-01,4.07473516e+00,4.07473516e+00,5.45680883e-02,1.32290091e+00,1.32290091e+00,1.30317562e-01,1.02641322e-01,1.70741057e-01,1.32382354e-01
0.9900,9.98332809e-02,2.47031524e+00,2.47031524e+00,1.63118129e-01,4.03626122e+00,4.03626122e+00,5.16542348e-02,1.27815336e+00,1.27815336e+00,1.27611199e-01,1.01431470e-01,1.65729418e-01,1.29654072e-01
1.0000,9.72453584e-02,2.45553290e+00,2.45553290e+00,1.58499100e-01,4.00224507e+00,4.00224507e+00,4.90030506e-02,1.23737117e+00,1.23737117e+00,1.24150319e-01,9.88180972e-02,1.61062490e-01,1.26158189e-01
1.0100,9.44446921e-02,2.43314182e+00,2.43314182e+00,1.54676999e-01,3.98488328e+00,3.98488328e+00,4.67277913e-02,1.20382989e+00,1.20382989e+00,1.20865303e-01,9.59876601e-02,1.57203998e-01,1.22839912e-01
1.0200,9.66363366e-02,2.53955824e+00,2.53955824e+00,1.51501096e-01,3.98137874e+00,3.98137874e+00,4.47488557e-02,1.17597924e+00,1.17597924e+00,1.20997979e-01,9.82309994e-02,1.54001120e-01,1.22994650e-01
1.0300,9.81966012e-02,2.63183433e+00,2.63183433e+00,1.48498258e-01,3.98000347e+00,3.98000347e+00,4.28722477e-02,1.14904846e+00,1.14904846e+00,1.20756053e-01,9.98331622e-02,1.50973155e-01,1.22768593e-01
1.0400,9.80726315e-02,2.68023224e+00,2.68023224e+00,1.45230797e-01,3.96902029e+00,3.96902029e+00,4.15495684e-02,1.13551040e+00,1.13551040e+00,1.19344738e-01,9.97232623e-02,1.47675133e-01,1.21353393e-01
1.0500,9.65387837e-02,2.68972965e+00,2.68972965e+00,1.41527248e-01,3.94318243e+00,3.94318243e+00,4.06700714e-02,1.13313523e+00,1.13313523e+00,1.16888273e-01,9.81794875e-02,1.43932544e-01,1.18874822e-01
1.0600,9.42825439e-02,2.67757430e+00,2.67757430e+00,1.37375274e-01,3.90138502e+00,3.90138502e+00,3.95796689e-02,1.12404163e+00,1.12404163e+00,1.13807251e-01,9.59004247e-02,1.39732623e-01,1.15760174e-01
1.0700,9.58116224e-02,2.77303002e+00,2.77303002e+00,1.32987682e-01,3.84899895e+00,3.84899895e+00,3.83794313e-02,1.11079755e+00,1.11079755e+00,1.12879429e-01,9.74715213e-02,1.35291642e-01,1.14835021e-01
1.0800,9.80631808e-02,2.89196233e+00,2.89196233e+00,1.28787192e-01,3.79803821e+00,3.79803821e+00,3.72854170e-02,1.09957703e+00,1.09957703e+00,1.12380077e-01,9.97782424e-02,1.31039597e-01,1.14345532e-01
1.0900,9.93061093e-02,2.98358519e+00,2.98358519e+00,1.25116816e-01,3.75905049e+00,3.75905049e+00,3.64266593e-02,1.09441445e+00,1.09441445e+00,1.11466875e-01,1.01059274e-01,1.27325647e-01,1.13434728e-01
1.1000,9.94041288e-02,3.04207291e+00,3.04207291e+00,1.30668132e-01,3.99884782e+00,3.99884782e+00,3.57548626e-02,1.09420907e+00,1.09420907e+00,1.13969083e-01,1.01175411e-01,1.32996507e-01,1.15999898e-01
1.1100,9.83464717e-02,3.06517253e+00,3.06517253e+00,1.36549655e-01,4.25585425e+00,4.25585425e+00,3.51085797e-02,1.09423197e+00,1.09423197e+00,1.15884325e-01,1.00115125e-01,1.39005351e-01,1.17968378e-01
1.1200,9.63253100e-02,3.05701107e+00,3.05701107e+00,1.41750079e-01,4.49862617e+00,4.49862617e+00,3.43569352e-02,1.09036277e+00,1.09036277e+00,1.16850846e-01,9.80735049e-02,1.44322682e-01,1.18971556e-01
1.1300,9.64807140e-02,3.11736983e+00,3.11736983e+00,1.46384897e-01,4.72981431e+00,4.72981431e+00,3.34583258e-02,1.08106554e+00,1.08106554e+00,1.18841573e-01,9.82476497e-02,1.49065772e-01,1.21018022e-01
1.1400,9.69996543e-02,3.19037117e+00,3.19037117e+00,1.50428576e-01,4.94767734e+00,4.94767734e+00,3.37343214e-02,1.10954011e+00,1.10954011e+00,1.20795364e-01,9.87921050e-02,1.53208336e-01,1.23027534e-01
1.1500,9.62121224e-02,3.22075139e+00,3.22075139e+00,1.53587321e-01,5.14141633e+00,5.14141633e+00,3.42908969e-02,1.14790580e+00,1.14790580e+00,1.21560529e-01,9.80059067e-02,1.56450812e-01,1.23826910e-01
1.1600,9.44957646e-02,3.21907031e+00,3.21907031e+00,1.55390853e-01,5.29350796e+00,5.29350796e+00,3.47728714e-02,1.18456439e+00,1.18456439e+00,1.21176637e-01,9.62731571e-02,1.58313635e-01,1.23455877e-01
1.1700,9.22823630e-02,3.19862257e+00,3.19862257e+00,1.55492391e-01,5.38956149e+00,5.38956149e+00,3.50069256e-02,1.21338399e+00,1.21338399e+00,1.19788168e-01,9.40333704e-02,1.58442774e-01,1.22061083e-01
1.1800,9.35179740e-02,3.29763139e+00,3.29763139e+00,1.53653514e-01,5.41813117e+00,5.41813117e+00,3.48596288e-02,1.22922045e+00,1.22922045e+00,1.19872287e-01,9.53078831e-02,1.56594401e-01,1.22166611e-01
1.1900,9.45692433e-02,3.39201130e+00,3.39201130e+00,1.49920886e-01,5.37736501e+00,5.37736501e+00,3.42754143e-02,1.22939117e+00,1.22939117e+00,1.19071007e-01,9.63949087e-02,1.52815119e-01,1.21369681e-01
1.2000,9.41723045e-02,3.43533903e+00,3.43533903e+00,1.44425471e-01,5.26853899e+00,5.26853899e+00,3.37292217e-02,1.23041814e+00,1.23041814e+00,1.16622808e-01,9.60058818e-02,1.47237500e-01,1.18893507e-01
1.2100,9.25208976e-02,3.43213975e+00,3.43213975e+00,1.37612805e-01,5.10486162e+00,5.10486162e+00,3.48336140e-02,1.29218192e+00,1.29218192e+00,1.12836431e-01,9.43376279e-02,1.40314955e-01,1.15052075e-01
1.2200,8.99344805e-02,3.39211650e+00,3.39211650e+00,1.30176199e-01,4.90993922e+00,4.90993922e+00,3.54563859e-02,1.33733125e+00,1.33733125e+00,1.08200411e-01,9.17153077e-02,1.32753868e-01,1.10342928e-01
1.2300,8.67294601e-02,3.32561698e+00,3.32561698e+00,1.22950859e-01,4.71451643e+00,4.71451643e+00,3.55713088e-02,1.36397192e+00,1.36397192e+00,1.03264039e-01,8.84611813e-02,1.25405811e-01,1.05325905e-01
1.2400,8.31834591e-02,3.24224788e+00,3.24224788e+00,1.20491270e-01,4.69639720e+00,4.69639720e+00,3.60773392e-02,1.40618913e+00,1.40618913e+00,1.00114338e-01,8.48581528e-02,1.22917064e-01,1.02129893e-01
1.2500,7.98789612e-02,3.16438138e+00,3.16438138e+00,1.18031350e-01,4.67577698e+00,4.67577698e+00,3.62116739e-02,1.43451473e+00,1.43451473e+00,9.70990302e-02,8.15003594e-02,1.20427173e-01,9.90699645e-02
1.2600,7.68377247e-02,3.09330327e+00,3.09330327e+00,1.15157366e-01,4.63596050e+00,4.63596050e+00,3.58017478e-02,1.44129286e+00,1.44129286e+00,9.40660936e-02,7.84101239e-02,1.17513934e-01,9.59910523e-02
1.2700,7.84612609e-02,3.20952069e+00,3.20952069e+00,1.12235945e-01,4.59110120e+00,4.59110120e+00,3.49417765e-02,1.42932134e+00,1.42932134e+00,9.38412158e-02,8.00798899e-02,1.14551334e-01,9.57771281e-02
1.2800,8.03976455e-02,3.34126773e+00,3.34126773e+00,1.09531452e-01,4.55204756e+00,4.55204756e+00,3.37506604e-02,1.40265293e+00,1.40265293e+00,9.38406673e-02,8.20695527e-02,1.11809210e-01,9.57921285e-02
1.2900,8.24045715e-02,3.47895888e+00,3.47895888e+00,1.07184797e-01,4.52513126e+00,4.52513126e+00,3.26332414e-02,1.37771125e+00,1.37771125e+00,9.39814731e-02,8.41318821e-02,1.09431535e-01,9.59514511e-02
1.3000,8.43674795e-02,3.61785306e+00,3.61785306e+00,1.05359995e-01,4.51805581e+00,4.51805581e+00,3.32269107e-02,1.42483907e+00,1.42483907e+00,9.42812666e-02,8.61499339e-02,1.07585964e-01,9.62731722e-02
1.3100,8.61295022e-02,3.75106214e+00,3.75106214e+00,1.06377482e-01,4.63289042e+00,4.63289042e+00,3.34475138e-02,1.45668673e+00,1.45668673e+00,9.57195882e-02,8.79634789e-02,1.08642604e-01,9.77577690e-02
1.3200,8.75425210e-02,3.87166025e+00,3.87166025e+00,1.07776469e-01,4.76652794e+00,4.76652794e+00,3.33465709e-02,1.47478724e+00,1.47478724e+00,9.71340509e-02,8.94211204e-02,1.10089275e-01,9.92184775e-02
1.3300,8.84254518e-02,3.97083194e+00,3.97083194e+00,1.09426896e-01,4.91392245e+00,4.91392245e+00,3.30329500e-02,1.48337713e+00,1.48337713e+00,9.83672846e-02,9.03376844e-02,1.11793292e-01,1.00494513e-01
1.3400,8.86106538e-02,4.03986726e+00,4.03986726e+00,1.11216623e-01,5.07050085e+00,5.07050085e+00,3.26569624e-02,1.48887055e+00,1.48887055e+00,9.92722403e-02,9.05416133e-02,1.13640201e-01,1.01435532e-01
1.3500,8.79885957e-02,4.07226577e+00,4.07226577e+00,1.13146446e-01,5.23661496e+00,5.23661496e+00,3.23633627e-02,1.49783291e+00,1.49783291e+00,9.97777372e-02,8.99206228e-02,1.15630881e-01,1.01968627e-01
1.3600,8.72317595e-02,4.09793705e+00,4.09793705e+00,1.15292269e-01,5.41615189e+00,5.41615189e+00,3.22798608e-02,1.51642978e+00,1.51642978e+00,1.00285330e-01,8.91616703e-02,1.17842989e-01,1.02504037e-01
1.3700,8.57435783e-02,4.08814440e+00,4.08814440e+00,1.19404623e-01,5.69306007e+00,5.69306007e+00,3.24756291e-02,1.54839655e+00,1.54839655e+00,1.01183890e-01,8.76548240e-02,1.22066182e-01,1.03439304e-01
1.3800,8.33538469e-02,4.03309058e+00,4.03309058e+00,1.23463548e-01,5.97380553e+00,5.97380553e+00,3.29455699e-02,1.59407721e+00,1.59407721e+00,1.01445363e-01,8.52256913e-02,1.26236120e-01,1.03723481e-01
1.3900,8.03384273e-02,3.94437103e+00,3.94437103e+00,1.27151187e-01,6.24273430e+00,6.24273430e+00,3.36191263e-02,1.65059626e+00,1.65059626e+00,1.01069908e-01,8.21559248e-02,1.30027730e-01,1.03356414e-01
1.4000,7.70613324e-02,3.83873479e+00,3.83873479e+00,1.30386151e-01,6.49505840e+00,6.49505840e+00,3.43568513e-02,1.71145289e+00,1.71145289e+00,1.00238369e-01,7.88175201e-02,1.33357584e-01,1.02522749e-01
1.4100,7.38765416e-02,3.73345573e+00,3.73345573e+00,1.33075672e-01,6.72516767e+00,6.72516767e+00,3.50060991e-02,1.76908283e+00,1.76908283e+00,9.91522587e-02,7.55724515e-02,1.36130557e-01,1.01428398e-01
1.4200,7.11181172e-02,3.64580869e+00,3.64580869e+00,1.35090020e-01,6.92527289e+00,6.92527289e+00,3.54272028e-02,1.81614487e+00,1.81614487e+00,9.80170795e-02,7.27625510e-02,1.38213649e-01,1.00283486e-01
1.4300,7.42584054e-02,3.86122718e+00,3.86122718e+00,1.36281630e-01,7.08625954e+00,7.08625954e+00,3.55190952e-02,1.84689255e+00,1.84689255e+00,1.00598492e-01,7.59878242e-02,1.39455520e-01,1.02941350e-01
1.4400,7.82368071e-02,4.12586011e+00,4.12586011e+00,1.36486974e-01,7.19771400e+00,7.19771400e+00,3.52273851e-02,1.85773511e+00,1.85773511e+00,1.03335885e-01,8.00719203e-02,1.39688396e-01,1.05759719e-01
1.4500,8.14482954e-02,4.35579215e+00,4.35579215e+00,1.35553040e-01,7.24927224e+00,7.24927224e+00,3.45392675e-02,1.84713344e+00,1.84713344e+00,1.05074088e-01,8.33723173e-02,1.38755157e-01,1.07556213e-01
1.4600,8.37179981e-02,4.53988079e+00,4.53988079e+00,1.33349804e-01,7.23132693e+00,7.23132693e+00,3.34748311e-02,1.81528161e+00,1.81528161e+00,1.05658784e-01,8.57095997e-02,1.36522117e-01,1.08172344e-01
1.4700,8.50008673e-02,4.67356943e+00,4.67356943e+00,1.29881530e-01,7.14122537e+00,7.14122537e+00,3.20805012e-02,1.76386965e+00,1.76386965e+00,1.05071608e-01,8.70371695e-02,1.32993005e-01,1.07588729e-01
1.4800,8.53510072e-02,4.75766146e+00,4.75766146e+00,1.25256693e-01,6.98209617e+00,6.98209617e+00,3.04237472e-02,1.69588965e+00,1.69588965e+00,1.03396252e-01,8.74099424e-02,1.28278279e-01,1.05890495e-01
1.4900,8.49191112e-02,4.79855221e+00,4.79855221e+00,1.19723370e-01,6.76524794e+00,6.76524794e+00,2.97271518e-02,1.67980197e+00,1.67980197e+00,1.00830562e-01,8.69818052e-02,1.22631463e-01,1.03279747e-01
1.5000,8.38933264e-02,4.80521678e+00,4.80521678e+00,1.13633320e-01,6.50865519e+00,6.50865519e+00,2.88321369e-02,1.65143849e+00,1.65143849e+00,9.76374782e-02,8.59451148e-02,1.16412462e-01,1.00025409e-01
1.5100,8.24851676e-02,4.78854557e+00,4.78854557e+00,1.07323623e-01,6.23050273e+00,6.23050273e+00,2.77358287e-02,1.61015954e+00,1.61015954e+00,9.40882940e-02,8.45162967e-02,1.09966379e-01,9.64051406e-02
1.5200,8.08860609e-02,4.75888882e+00,4.75888882e+00,1.01083500e-01,5.94719454e+00,5.94719454e+00,2.64949777e-02,1.55881807e+00,1.55881807e+00,9.04225977e-02,8.28913308e-02,1.03589491e-01,9.26642906e-02
1.5300,7.92626852e-02,4.72571121e+00,4.72571121e+00,9.50964913e-02,5.66973670e+00,5.66973670e+00,2.51760313e-02,1.50101720e+00,1.50101720e+00,8.68193714e-02,8.12409599e-02,9.74699535e-02,8.89862494e-02
1.5400,7.77147103e-02,4.69495097e+00,4.69495097e+00,8.94053086e-02,5.40121090e+00,5.40121090e+00,2.38479177e-02,1.44071571e+00,1.44071571e+00,8.33553097e-02,7.96673458e-02,9.16516786e-02,8.54496692e-02
1.5500,7.62830424e-02,4.66926639e+00,4.66926639e+00,8.39548884e-02,5.13885821e+00,5.13885821e+00,2.25702270e-02,1.38151808e+00,1.38151808e+00,8.00270849e-02,7.82124670e-02,8.60783568e-02,8.20512074e-02
1.5600,7.49700076e-02,4.64905705e+00,4.64905705e+00,7.86160795e-02,4.87515808e+00,4.87515808e+00,2.13985885e-02,1.32697410e+00,1.32697410e+00,7.67714014e-02,7.68787668e-02,8.06176688e-02,7.87260246e-02
1.5700,7.38977475e-02,4.64226059e+00,4.64226059e+00,7.73266733e-02,4.85766590e+00,4.85766590e+00,2.03757822e-02,1.28000777e+00,1.28000777e+00,7.55927707e-02,7.57915763e-02,7.93083776e-02,7.75300391e-02
1.5800,7.31024363e-02,4.65174534e+00,4.65174534e+00,7.75441344e-02,4.93438502e+00,4.93438502e+00,1.95381401e-02,1.24327528e+00,1.24327528e+00,7.52905382e-02,7.49881237e-02,7.95443961e-02,7.72326680e-02
1.5900,7.21685950e-02,4.65139600e+00,4.65139600e+00,7.83642371e-02,5.05071630e+00,5.05071630e+00,1.88958898e-02,1.21787415e+00,1.21787415e+00,7.52026389e-02,7.40422820e-02,8.03987794e-02,7.71550977e-02
1.6000,7.10460282e-02,4.63758097e+00,4.63758097e+00,7.95551884e-02,5.19302257e+00,5.19302257e+00,1.84436711e-02,1.20392400e+00,1.20392400e+00,7.51803177e-02,7.29024745e-02,8.16339807e-02,7.71447937e-02
1.6100,6.96824114e-02,4.60635698e+00,4.60635698e+00,8.08901686e-02,5.34724596e+00,5.34724596e+00,1.81549851e-02,1.20013560e+00,1.20013560e+00,7.50774401e-02,7.15149055e-02,8.30174021e-02,7.70518115e-02
1.6200,6.80438626e-02,4.55483449e+00,4.55483449e+00,8.21771043e-02,5.50090918e+00,5.50090918e+00,1.79855009e-02,1.20394370e+00,1.20394370e+00,7.47773201e-02,6.98446749e-02,8.43519593e-02,7.67563364e-02
1.6300,6.86204333e-02,4.65107381e+00,4.65107381e+00,8.32430276e-02,5.64218917e+00,5.64218917e+00,1.78799304e-02,1.21189669e+00,1.21189669e+00,7.55789165e-02,7.04480137e-02,8.54600541e-02,7.75918234e-02
1.6400,6.99601820e-02,4.80102714e+00,4.80102714e+00,8.39960645e-02,5.76424151e+00,5.76424151e+00,1.77880930e-02,1.22071034e+00,1.22071034e+00,7.66575499e-02,7.18351816e-02,8.62472391e-02,7.87120454e-02
1.6500,7.13085127e-02,4.95422560e+00,4.95422560e+00,8.43921564e-02,5.86322398e+00,5.86322398e+00,1.76591558e-02,1.22688637e+00,1.22688637e+00,7.75749905e-02,7.32316163e-02,8.66681100e-02,7.96670935e-02
1.6600,7.25534604e-02,5.10283833e+00,5.10283833e+00,8.43931100e-02,5.93554593e+00,5.93554593e+00,1.74686411e-02,1.22860648e+00,1.22860648e+00,7.82496784e-02,7.45223192e-02,8.66832575e-02,8.03731136e-02
1.6700,7.46049919e-02,5.31140397e+00,5.31140397e+00,8.40066264e-02,5.98074093e+00,5.98074093e+00,1.76741883e-02,1.25829052e+00,1.25829052e+00,7.91663671e-02,7.66420514e-02,8.63003938e-02,8.13279732e-02
1.6800,7.67671766e-02,5.53189144e+00,5.53189144e+00,8.32492302e-02,5.99899233e+00,5.99899233e+00,1.79406156e-02,1.29281214e+00,1.29281214e+00,7.99425316e-02,7.88761700e-02,8.55363025e-02,8.21387603e-02
1.6900,7.86883128e-02,5.73897304e+00,5.73897304e+00,8.21183677e-02,5.98913716e+00,5.98913716e+00,1.81732598e-02,1.32542997e+00,1.32542997e+00,8.03850471e-02,8.08633082e-02,8.43881720e-02,8.26069413e-02
1.7000,8.03177888e-02,5.92831354e+00,5.92831354e+00,8.06600222e-02,5.95357403e+00,5.95357403e+00,1.83726423e-02,1.35609789e+00,1.35609789e+00,8.04887236e-02,8.25513256e-02,8.29030760e-02,8.27270138e-02
1.7100,8.16334301e-02,6.09751521e+00,6.09751521e+00,7.88843807e-02,5.89217813e+00,5.89217813e+00,1.85483146e-02,1.38544503e+00,1.38544503e+00,8.02471344e-02,8.39172804e-02,8.10913212e-02,8.24922005e-02
1.7200,8.26330203e-02,6.24560058e+00,6.24560058e+00,7.68190985e-02,5.80617052e+00,5.80617052e+00,1.87043010e-02,1.41371564e+00,1.41371564e+00,7.96730452e-02,8.49587360e-02,7.89811807e-02,8.19154520e-02
1.7300,8.33419207e-02,6.37368313e+00,6.37368313e+00,7.45282252e-02,5.69964416e+00,5.69964416e+00,1.88407702e-02,1.44087271e+00,1.44087271e+00,7.88119625e-02,8.57016122e-02,7.66383711e-02,8.10433956e-02
1.7400,8.37879472e-02,6.48314727e+00,6.48314727e+00,7.20603817e-02,5.57571922e+00,5.57571922e+00,1.89535572e-02,1.46654390e+00,1.46654390e+00,7.77032268e-02,8.61743706e-02,7.41127841e-02,7.99163470e-02
1.7500,8.40186826e-02,6.57701602e+00,6.57701602e+00,6.94707761e-02,5.43820010e+00,5.43820010e+00,1.90362445e-02,1.49016482e+00,1.49016482e+00,7.63992349e-02,8.64258246e-02,7.14611194e-02,7.85880791e-02
1.7600,8.40856695e-02,6.65879068e+00,6.65879068e+00,6.68500373e-02,5.29389143e+00,5.29389143e+00,1.90800181e-02,1.51095719e+00,1.51095719e+00,7.49741965e-02,8.65088934e-02,6.87765559e-02,7.71348413e-02
1.7700,8.40414169e-02,6.73223175e+00,6.73223175e+00,6.42302882e-02,5.14523911e+00,5.14523911e+00,1.90725239e-02,1.52782587e+00,1.52782587e+00,7.34711128e-02,8.64775255e-02,6.60921316e-02,7.56008201e-02
1.7800,8.41789997e-02,6.82078019e+00,6.82078019e+00,6.16839068e-02,4.99806806e+00,4.99806806e+00,1.90042468e-02,1.53985900e+00,1.53985900e+00,7.20589313e-02,8.66332843e-02,6.34823347e-02,7.41598486e-02
1.7900,8.48738724e-02,6.95571067e+00,6.95571067e+00,5.92271989e-02,4.85387609e+00,4.85387609e+00,1.88729712e-02,1.54670600e+00,1.54670600e+00,7.09002237e-02,8.73627259e-02,6.09639857e-02,7.29793120e-02
1.8000,8.54867156e-02,7.08559336e+00,7.08559336e+00,5.69049730e-02,4.71658662e+00,4.71658662e+00,1.86728338e-02,1.54770371e+00,1.54770371e+00,6.97468225e-02,8.80079578e-02,5.85832598e-02,7.18038513e-02
1.8100,8.58941308e-02,7.19986554e+00,7.19986554e+00,5.47175451e-02,4.58656446e+00,4.58656446e+00,1.84038283e-02,1.54265592e+00,1.54265592e+00,6.85559332e-02,8.84418800e-02,5.63405499e-02,7.05894054e-02
1.8200,8.59881317e-02,7.28880300e+00,7.28880300e+00,5.40300095e-02,4.57986570e+00,4.57986570e+00,1.80776233e-02,1.53235373e+00,1.53235373e+00,6.81611295e-02,8.85531808e-02,5.56417392e-02,7.01943943e-02
1.8300,8.56978645e-02,7.34544803e+00,7.34544803e+00,5.32184321e-02,4.56152822e+00,4.56152822e+00,1.76984422e-02,1.51699214e+00,1.51699214e+00,6.75329992e-02,8.82687224e-02,5.48149366e-02,6.95589277e-02
1.8400,8.49658364e-02,7.36372046e+00,7.36372046e+00,5.22567468e-02,4.52892706e+00,4.52892706e+00,1.72840504e-02,1.49795401e+00,1.49795401e+00,6.66336116e-02,8.75290826e-02,5.38332264e-02,6.86438120e-02
1.8500,8.37904250e-02,7.34220273e+00,7.34220273e+00,5.11599872e-02,4.48293463e+00,4.48293463e+00,1.68473206e-02,1.47625989e+00,1.47625989e+00,6.54730255e-02,8.63323662e-02,5.27120223e-02,6.74592737e-02
1.8600,8.21931028e-02,7.28150260e+00,7.28150260e+00,4.99378040e-02,4.42399954e+00,4.42399954e+00,1.64093010e-02,1.45370310e+00,1.45370310e+00,6.40667079e-02,8.47004757e-02,5.14612006e-02,6.60211191e-02
1.8700,8.02354235e-02,7.18588630e+00,7.18588630e+00,4.85980547e-02,4.35244285e+00,4.35244285e+00,1.59811696e-02,1.43127390e+00,1.43127390e+00,6.24442591e-02,8.26966387e-02,5.00887961e-02,6.43597318e-02
1.8800,7.80011624e-02,7.06185829e+00,7.06185829e+00,4.71536458e-02,4.26906927e+00,4.26906927e+00,1.55763438e-02,1.41020889e+00,1.41020889e+00,6.06468399e-02,8.04070315e-02,4.86080537e-02,6.25174320e-02
1.8900,7.55731686e-02,6.91615509e+00,6.91615509e+00,4.65015851e-02,4.25563967e+00,4.25563967e+00,1.52055978e-02,1.39155569e+00,1.39155569e+00,5.92812966e-02,7.79169321e-02,4.79437466e-02,6.11197975e-02
1.9000,7.32058855e-02,6.77170379e+00,6.77170379e+00,4.68848703e-02,4.33695258e+00,4.33695258e+00,1.48725028e-02,1.37573889e+00,1.37573889e+00,5.85853945e-02,7.54886190e-02,4.83468520e-02,6.04122263e-02
1.9100,7.17054997e-02,6.70401898e+00,6.70401898e+00,4.72929632e-02,4.42159840e+00,4.42159840e+00,1.45771645e-02,1.36287437e+00,1.36287437e+00,5.82337150e-02,7.39535847e-02,4.87756752e-02,6.00594374e-02
1.9200,7.01183170e-02,6.62553981e+00,6.62553981e+00,4.77064259e-02,4.50782103e+00,4.50782103e+00,1.43173824e-02,1.35286172e+00,1.35286172e+00,5.78367902e-02,7.23285136e-02,4.92101782e-02,5.96598612e-02
1.9300,6.85578763e-02,6.54682309e+00,6.54682309e+00,4.81350820e-02,4.59658151e+00,4.59658151e+00,1.40886728e-02,1.34537494e+00,1.34537494e+00,5.74459659e-02,7.07304982e-02,4.96604988e-02,5.92664477e-02
1.9400,6.71045934e-02,6.47568414e+00,6.47568414e+00,4.85629187e-02,4.68638742e+00,4.68638742e+00,1.38852790e-02,1.33994823e+00,1.33994823e+00,5.70858556e-02,6.92425298e-02,5.01101218e-02,5.89045975e-02
1.9500,6.58217339e-02,6.41859269e+00,6.41859269e+00,4.89985308e-02,4.77808154e+00,4.77808154e+00,1.37011095e-02,1.33606085e+00,1.33606085e+00,5.67905648e-02,6.79299546e-02,5.05679169e-02,5.86095239e-02
1.9600,6.47459303e-02,6.37965560e+00,6.37965560e+00,4.94393730e-02,4.87144399e+00,4.87144399e+00,1.35520604e-02,1.33533455e+00,1.33533455e+00,5.65773647e-02,6.68306709e-02,5.10312610e-02,5.83990874e-02
1.9700,6.38873713e-02,6.36050267e+00,6.36050267e+00,4.98842095e-02,4.96637506e+00,4.96637506e+00,1.34800666e-02,1.34204926e+00,1.34204926e+00,5.64532640e-02,6.59553025e-02,5.14988808e-02,5.82805651e-02
1.9800,6.32322732e-02,6.36040113e+00,6.36040113e+00,5.03333185e-02,5.06292246e+00,5.06292246e+00,1.33892827e-02,1.34679974e+00,1.34679974e+00,5.64153361e-02,6.52897274e-02,5.19710660e-02,5.82509805e-02
1.9900,6.27420760e-02,6.37605043e+00,6.37605043e+00,5.07754257e-02,5.15996115e+00,5.15996115e+00,1.32780254e-02,1.34935540e+00,1.34935540e+00,5.64424983e-02,6.47942280e-02,5.24361755e-02,5.82886053e-02
2.0000,6.23661919e-02,6.40276130e+00,6.40276130e+00,5.12019611e-02,5.25659696e+00,5.25659696e+00,1.31492128e-02,1.34995048e+00,1.34995048e+00,5.65090376e-02,6.44166372e-02,5.28853542e-02,5.83669142e-02
2.0100,6.20398571e-02,6.43416798e+00,6.43416798e+00,5.15984362e-02,5.35128580e+00,5.35128580e+00,1.30097896e-02,1.34924830e+00,1.34924830e+00,5.65787912e-02,6.40901089e-02,5.33036269e-02,5.84485693e-02
2.0200,6.16903465e-02,6.46280198e+00,6.46280198e+00,5.19404569e-02,5.44138439e+00,5.44138439e+00,1.28767114e-02,1.34898961e+00,1.34898961e+00,5.66058723e-02,6.37395276e-02,5.36657739e-02,5.84861614e-02
2.0300,6.12486994e-02,6.48128726e+00,6.48128726e+00,5.22187817e-02,5.52574875e+00,5.52574875e+00,1.27586785e-02,1.35011292e+00,1.35011292e+00,5.65538015e-02,6.32936184e-02,5.39622175e-02,5.84419712e-02
2.0400,6.06525869e-02,6.48266263e+00,6.48266263e+00,5.24098362e-02,5.60166193e+00,5.60166193e+00,1.26521048e-02,1.35228077e+00,1.35228077e+00,5.63807782e-02,6.26879135e-02,5.41685598e-02,5.82727552e-02
2.0500,6.10593192e-02,6.59135773e+00,6.59135773e+00,5.24970520e-02,5.66706040e+00,5.66706040e+00,1.28272193e-02,1.38469922e+00,1.38469922e+00,5.66165546e-02,6.31186773e-02,5.42676291e-02,5.85260709e-02
2.0600,6.22638483e-02,6.78823799e+00,6.78823799e+00,5.24692983e-02,5.72039946e+00,5.72039946e+00,1.30142771e-02,1.41886525e+00,1.41886525e+00,5.71571556e-02,6.43744229e-02,5.42478644e-02,5.90946272e-02
2.0700,6.33661091e-02,6.97679337e+00,6.97679337e+00,5.23183767e-02,5.76040581e+00,5.76040581e+00,1.32194696e-02,1.45550214e+00,1.45550214e+00,5.75778774e-02,6.55248294e-02,5.41007291e-02,5.95394075e-02
2.0800,6.43062651e-02,7.15005803e+00,7.15005803e+00,5.20389912e-02,5.78608952e+00,5.78608952e+00,1.34514015e-02,1.49562878e+00,1.49562878e+00,5.78483636e-02,6.65079598e-02,5.38206834e-02,5.98289549e-02
2.0900,6.50106757e-02,7.29925195e+00,7.29925195e+00,5.16287610e-02,5.79676076e+00,5.79676076e+00,1.37139354e-02,1.53976972e+00,1.53976972e+00,5.79346238e-02,6.72475570e-02,5.34051986e-02,5.99280330e-02
2.1000,6.54310951e-02,7.41814614e+00,7.41814614e+00,5.10883732e-02,5.79206290e+00,5.79206290e+00,1.40055264e-02,1.58785423e+00,1.58785423e+00,5.78166776e-02,6.76935866e-02,5.28549187e-02,5.98158760e-02
2.1100,6.55060235e-02,7.49877408e+00,7.49877408e+00,5.04218005e-02,5.77201409e+00,5.77201409e+00,1.43209851e-02,1.63938866e+00,1.63938866e+00,5.74711375e-02,6.77822668e-02,5.21738880e-02,5.94681797e-02
2.1200,6.51924723e-02,7.53502718e+00,7.53502718e+00,4.96363993e-02,5.73703688e+00,5.73703688e+00,1.46503466e-02,1.69330532e+00,1.69330532e+00,5.68851438e-02,6.74689313e-02,5.13696550e-02,5.88715188e-02
2.1300,6.44581133e-02,7.52183818e+00,7.52183818e+00,4.87427178e-02,5.68795482e+00,5.68795482e+00,1.49812916e-02,1.74821827e+00,1.74821827e+00,5.60523294e-02,6.67199187e-02,5.04530773e-02,5.80191797e-02
2.1400,6.32845537e-02,7.45562420e+00,7.45562420e+00,4.77539497e-02,5.62594634e+00,5.62594634e+00,1.52992980e-02,1.80242744e+00,1.80242744e+00,5.49735154e-02,6.55159725e-02,4.94377581e-02,5.69118863e-02
2.1500,6.16707815e-02,7.33477298e+00,7.33477298e+00,4.76012807e-02,5.66142635e+00,5.66142635e+00,1.55891046e-02,1.85407969e+00,1.85407969e+00,5.41812531e-02,6.38558200e-02,4.92878270e-02,5.61009323e-02
2.1600,5.96374542e-02,7.16025481e+00,7.16025481e+00,4.75476845e-02,5.70872016e+00,5.70872016e+00,1.58339774e-02,1.90107567e+00,1.90107567e+00,5.32505668e-02,6.17606282e-02,4.92404464e-02,5.51463589e-02
2.1700,5.89346004e-02,7.14271426e+00,7.14271426e+00,4.74086036e-02,5.74579460e+00,5.74579460e+00,1.60178651e-02,1.94132195e+00,1.94132195e+00,5.28583684e-02,6.10428130e-02,4.91045074e-02,5.47492216e-02
2.1800,5.84146716e-02,7.14627939e+00,7.14627939e+00,4.71936019e-02,5.77352668e+00,5.77352668e+00,1.61277969e-02,1.97302732e+00,1.97302732e+00,5.25052260e-02,6.05142610e-02,4.88898741e-02,5.43924131e-02
2.1900,5.76292562e-02,7.11619629e+00,7.11619629e+00,4.69157715e-02,5.79326996e+00,5.79326996e+00,1.61557397e-02,1.99494879e+00,1.99494879e+00,5.19973174e-02,5.97104603e-02,4.86100723e-02,5.38751314e-02
2.2000,5.65948318e-02,7.05359359e+00,7.05359359e+00,4.65983136e-02,5.80769577e+00,5.80769577e+00,1.60992202e-02,2.00649693e+00,2.00649693e+00,5.13539066e-02,5.86483503e-02,4.82891128e-02,5.32172604e-02
2.2100,5.53446607e-02,6.96177861e+00,6.96177861e+00,4.62432092e-02,5.81691135e+00,5.81691135e+00,1.59615527e-02,2.00779614e+00,2.00779614e+00,5.05896702e-02,5.73622781e-02,4.79290286e-02,5.24339419e-02
2.2200,5.38992618e-02,6.84258725e+00,6.84258725e+00,4.58729777e-02,5.82363916e+00,5.82363916e+00,1.57501175e-02,1.99949961e+00,1.99949961e+00,4.97244370e-02,5.58734031e-02,4.75531442e-02,5.15456690e-02
2.2300,5.23009823e-02,6.70074062e+00,6.70074062e+00,4.54892197e-02,5.82802556e+00,5.82802556e+00,1.54737030e-02,1.98247270e+00,1.98247270e+00,4.87763352e-02,5.42255306e-02,4.71631117e-02,5.05711851e-02
2.2400,5.05820007e-02,6.53983730e+00,6.53983730e+00,4.51081277e-02,5.83211048e+00,5.83211048e+00,1.51408191e-02,1.95758358e+00,1.95758358e+00,4.77667180e-02,5.24519498e-02,4.67757150e-02,4.95325898e-02
2.2500,4.87816123e-02,6.36455102e+00,6.36455102e+00,4.47250405e-02,5.83528892e+00,5.83528892e+00,1.47572936e-02,1.92538835e+00,1.92538835e+00,4.67093094e-02,5.05933533e-02,4.63861211e-02,4.84440854e-02
2.2600,4.69358973e-02,6.17931425e+00,6.17931425e+00,4.43534329e-02,5.83932162e+00,5.83932162e+00,1.43302340e-02,1.88663741e+00,1.88663741e+00,4.56263977e-02,4.86871253e-02,4.60083064e-02,4.73287670e-02
2.2700,4.50620145e-02,5.98621487e+00,5.98621487e+00,4.39797865e-02,5.84244745e+00,5.84244745e+00,1.38695853e-02,1.84249014e+00,1.84249014e+00,4.45176120e-02,4.67510443e-02,4.56282518e-02,4.61862363e-02
2.2800,4.31723264e-02,5.78677833e+00,5.78677833e+00,4.36121830e-02,5.84573629e+00,5.84573629e+00,1.33825233e-02,1.79378093e+00,1.79378093e+00,4.33916973e-02,4.47979233e-02,4.52543421e-02,4.50255544e-02
2.2900,4.16201639e-02,5.62870101e+00,5.62870101e+00,4.32362150e-02,5.84725537e+00,5.84725537e+00,1.28774993e-02,1.74154993e+00,1.74154993e+00,4.24204945e-02,4.31944496e-02,4.48716279e-02,4.40250528e-02
2.3000,4.09087365e-02,5.58183388e+00,5.58183388e+00,4.28506523e-02,5.84680055e+00,5.84680055e+00,1.23621434e-02,1.68676515e+00,1.68676515e+00,4.18684373e-02,4.24631263e-02,4.44788281e-02,4.34592924e-02
2.3100,4.01334027e-02,5.52467665e+00,5.52467665e+00,4.24468901e-02,5.84314629e+00,5.84314629e+00,1.18445034e-02,1.63048850e+00,1.63048850e+00,4.12739402e-02,4.16652157e-02,4.40670044e-02,4.28492852e-02
2.3200,3.92918116e-02,5.45665767e+00,5.45665767e+00,4.20158309e-02,5.83495637e+00,5.83495637e+00,1.13304684e-02,1.57352091e+00,1.57352091e+00,4.06309994e-02,4.07982438e-02,4.36267009e-02,4.21887755e-02
2.3300,3.83991314e-02,5.37964608e+00,5.37964608e+00,4.15553176e-02,5.82182184e+00,5.82182184e+00,1.08243966e-02,1.51647760e+00,1.51647760e+00,3.99460649e-02,3.98779287e-02,4.31556635e-02,4.14844365e-02
2.3400,3.74698988e-02,5.29549406e+00,5.29549406e+00,4.10513092e-02,5.80164268e+00,5.80164268e+00,1.03328663e-02,1.46030905e+00,1.46030905e+00,3.92197451e-02,3.89193430e-02,4.26392927e-02,4.07368783e-02
2.3500,3.65182791e-02,5.20607090e+00,5.20607090e+00,4.05075969e-02,5.77479078e+00,5.77479078e+00,9.85827627e-03,1.40540262e+00,1.40540262e+00,3.84612497e-02,3.79371833e-02,4.20815046e-02,3.99556473e-02
2.3600,3.55690133e-02,5.11483567e+00,5.11483567e+00,3.99078560e-02,5.73876267e+00,5.73876267e+00,9.40361976e-03,1.35224358e+00,1.35224358e+00,3.76760277e-02,3.69571445e-02,4.14653168e-02,3.91463882e-02
2.3700,3.46254994e-02,5.02227424e+00,5.02227424e+00,3.92615432e-02,5.69471171e+00,5.69471171e+00,8.98388664e-03,1.30307268e+00,1.30307268e+00,3.68707274e-02,3.59827591e-02,4.08005277e-02,3.83159961e-02
2.3800,3.37140062e-02,4.93223542e+00,4.93223542e+00,3.85535749e-02,5.64024656e+00,5.64024656e+00,8.79871680e-03,1.28721999e+00,1.28721999e+00,3.60526762e-02,3.50413325e-02,4.00714358e-02,3.74720764e-02
2.3900,3.28369565e-02,4.84518170e+00,4.84518170e+00,3.77958409e-02,5.57687849e+00,5.57687849e+00,8.60791360e-03,1.27012092e+00,1.27012092e+00,3.52292546e-02,3.41353999e-02,3.92903692e-02,3.66222946e-02
2.4000,3.20061238e-02,4.76298037e+00,4.76298037e+00,3.69803037e-02,5.50321126e+00,5.50321126e+00,8.41503848e-03,1.25228107e+00,1.25228107e+00,3.44034327e-02,3.32772200e-02,3.84489453e-02,3.57697359e-02
2.4100,3.12356051e-02,4.68790830e+00,4.68790830e+00,3.61184535e-02,5.42073692e+00,5.42073692e+00,8.22491720e-03,1.23441366e+00,1.23441366e+00,3.35884169e-02,3.24814757e-02,3.75590825e-02,3.49281323e-02
2.4200,3.05242969e-02,4.62001498e+00,4.62001498e+00,3.52122331e-02,5.32955909e+00,5.32955909e+00,8.03952425e-03,1.21682483e+00,1.21682483e+00,3.27845796e-02,3.17470503e-02,3.66227776e-02,3.40978762e-02
2.4300,2.98754485e-02,4.56001065e+00,4.56001065e+00,3.42692716e-02,5.23065766e+00,5.23065766e+00,7.86493380e-03,1.20045669e+00,1.20045669e+00,3.19970289e-02,3.10773543e-02,3.56479434e-02,3.32842871e-02
2.4400,2.92897262e-02,4.50822671e+00,4.50822671e+00,3.33038051e-02,5.12606716e+00,5.12606716e+00,7.70289164e-03,1.18561647e+00,1.18561647e+00,3.12323443e-02,3.04731131e-02,3.46493721e-02,3.24942185e-02
2.4500,2.87769732e-02,4.46642435e+00,4.46642435e+00,3.23196358e-02,5.01627491e+00,5.01627491e+00,7.64804723e-03,1.18704021e+00,1.18704021e+00,3.04969063e-02,2.99446019e-02,3.36310085e-02,3.17343215e-02
2.4600,2.87136259e-02,4.49379114e+00,4.49379114e+00,3.13298093e-02,4.90323375e+00,4.90323375e+00,7.77312175e-03,1.21652298e+00,1.21652298e+00,2.99932063e-02,2.98836333e-02,3.26064196e-02,3.12153534e-02
2.4700,2.86257247e-02,4.51727959e+00,4.51727959e+00,3.03490846e-02,4.78923422e+00,4.78923422e+00,7.91052002e-03,1.24831881e+00,1.24831881e+00,2.94748119e-02,2.97970860e-02,3.15909656e-02,3.06809178e-02
2.4800,2.85187132e-02,4.53765860e+00,4.53765860e+00,2.93834581e-02,4.67524955e+00,4.67524955e+00,8.05854528e-03,1.28220818e+00,1.28220818e+00,2.89478568e-02,2.96906144e-02,3.05908937e-02,3.01373926e-02
2.4900,2.83989104e-02,4.55586523e+00,4.55586523e+00,2.84436458e-02,4.56304186e+00,4.56304186e+00,8.21435471e-03,1.31777918e+00,1.31777918e+00,2.84212693e-02,2.95707884e-02,2.96173698e-02,2.95940699e-02
2.5000,2.82738002e-02,4.57305764e+00,4.57305764e+00,2.75393069e-02,4.45425932e+00,4.45425932e+00,8.37531755e-03,1.35463962e+00,1.35463962e+00,2.79041370e-02,2.94453952e-02,2.86804664e-02,2.90604141e-02
2.5100,2.81533405e-02,4.59083665e+00,4.59083665e+00,2.66787424e-02,4.35038068e+00,4.35038068e+00,8.53880017e-03,1.39238315e+00,1.39238315e+00,2.74061256e-02,2.93248046e-02,2.77888483e-02,2.85464980e-02
2.5200,2.80439895e-02,4.61028044e+00,4.61028044e+00,2.58686270e-02,4.25266259e+00,4.25266259e+00,8.70210655e-03,1.43057933e+00,1.43057933e+00,2.69343555e-02,2.92157468e-02,2.69494915e-02,2.80597491e-02
2.5300,2.79538405e-02,4.63277284e+00,4.63277284e+00,2.51137838e-02,4.16209198e+00,4.16209198e+00,8.86355828e-03,1.46895208e+00,1.46895208e+00,2.64957866e-02,2.91266604e-02,2.61674475e-02,2.76074330e-02
2.5400,2.78934200e-02,4.66014797e+00,4.66014797e+00,2.44170247e-02,4.07934732e+00,4.07934732e+00,9.02042225e-03,1.50704010e+00,1.50704010e+00,2.60974008e-02,2.90685255e-02,2.54456752e-02,2.71968428e-02
2.5500,2.78647427e-02,4.69286372e+00,4.69286372e+00,2.37790811e-02,4.00477364e+00,4.00477364e+00,9.16902860e-03,1.54420955e+00,1.54420955e+00,2.57409785e-02,2.90434572e-02,2.47849668e-02,2.68298550e-02
2.5600,2.78736706e-02,4.73204306e+00,4.73204306e+00,2.31986462e-02,3.93837593e+00,3.93837593e+00,9.30777868e-03,1.58015822e+00,1.58015822e+00,2.54289485e-02,2.90575830e-02,2.41839907e-02,2.65090233e-02
2.5700,2.79191319e-02,4.77765531e+00,4.77765531e+00,2.26725436e-02,3.87983404e+00,3.87983404e+00,9.43478137e-03,1.61452489e+00,1.61452489e+00,2.51594462e-02,2.91098050e-02,2.36394643e-02,2.62324265e-02
2.5800,2.79983337e-02,4.82936831e+00,4.82936831e+00,2.21960134e-02,3.82853940e+00,3.82853940e+00,9.54614713e-03,1.64659301e+00,1.64659301e+00,2.49289268e-02,2.91972296e-02,2.31464524e-02,2.59963899e-02
2.5900,2.81069273e-02,4.88656539e+00,4.88656539e+00,2.17630985e-02,3.78365102e+00,3.78365102e+00,9.64260346e-03,1.67642702e+00,1.67642702e+00,2.47324449e-02,2.93153387e-02,2.26987674e-02,2.57957759e-02
2.6000,2.82344281e-02,4.94753194e+00,4.94753194e+00,2.13670906e-02,3.74416519e+00,3.74416519e+00,9.72072093e-03,1.70336644e+00,1.70336644e+00,2.45619133e-02,2.94532104e-02,2.22894337e-02,2.56221658e-02
2.6100,2.83710305e-02,5.01061633e+00,5.01061633e+00,2.10009902e-02,3.70899127e+00,3.70899127e+00,9.78056681e-03,1.72734888e+00,1.72734888e+00,2.44094189e-02,2.96006238e-02,2.19111678e-02,2.54673170e-02
2.6200,2.85068510e-02,5.07409944e+00,5.07409944e+00,2.06579326e-02,3.67702502e+00,3.67702502e+00,9.82184660e-03,1.74824734e+00,1.74824734e+00,2.42671096e-02,2.97472704e-02,2.15568218e-02,2.53230450e-02
2.6300,2.86294394e-02,5.13574700e+00,5.13574700e+00,2.03315366e-02,3.64721176e+00,3.64721176e+00,9.84393713e-03,1.76587357e+00,1.76587357e+00,2.41263444e-02,2.98801555e-02,2.12197475e-02,2.51803367e-02
2.6400,2.87283056e-02,5.19360949e+00,5.19360949e+00,2.00161456e-02,3.61859292e+00,3.61859292e+00,9.84838727e-03,1.78042792e+00,1.78042792e+00,2.39797820e-02,2.99883221e-02,2.08940488e-02,2.50315294e-02
2.6500,2.87946507e-02,5.24598621e+00,5.24598621e+00,1.97069495e-02,3.59033303e+00,3.59033303e+00,9.83509788e-03,1.79181850e+00,1.79181850e+00,2.38213082e-02,3.00625715e-02,2.05747097e-02,2.48702368e-02
2.6600,2.88218042e-02,5.29151692e+00,5.29151692e+00,1.93999915e-02,3.56172649e+00,3.56172649e+00,9.80548313e-03,1.80023012e+00,1.80023012e+00,2.36461996e-02,3.00959215e-02,2.02576014e-02,2.46915204e-02
2.6700,2.88061289e-02,5.32936366e+00,5.32936366e+00,1.90930638e-02,3.53236914e+00,3.53236914e+00,9.76151810e-03,1.80595873e+00,1.80595873e+00,2.34520203e-02,3.00845530e-02,1.99404194e-02,2.44928276e-02
2.6800,2.87444331e-02,5.35874960e+00,5.35874960e+00,1.87828908e-02,3.50164528e+00,3.50164528e+00,9.70397407e-03,1.80908654e+00,1.80908654e+00,2.32358247e-02,3.00251099e-02,1.96197419e-02,2.42710714e-02
2.6900,2.86364584e-02,5.37942924e+00,5.37942924e+00,1.84671465e-02,3.46909896e+00,3.46909896e+00,9.63585075e-03,1.81011830e+00,1.81011830e+00,2.29963839e-02,2.99172981e-02,1.92931374e-02,2.40249567e-02
2.7000,2.84837054e-02,5.39148703e+00,5.39148703e+00,1.81439289e-02,3.43434101e+00,3.43434101e+00,9.57244123e-03,1.81190235e+00,1.81190235e+00,2.27333747e-02,2.97626615e-02,1.89586154e-02,2.37541334e-02
2.7100,2.82889706e-02,5.39526161e+00,5.39526161e+00,1.78114681e-02,3.39699635e+00,3.39699635e+00,9.50400726e-03,1.81260061e+00,1.81260061e+00,2.24470064e-02,2.95640995e-02,1.86143222e-02,2.34588080e-02
2.7200,2.80558541e-02,5.39126061e+00,5.39126061e+00,1.74680487e-02,3.35668991e+00,3.35668991e+00,9.42684296e-03,1.81147816e+00,1.81147816e+00,2.21377737e-02,2.93253529e-02,1.82584600e-02,2.31394854e-02
2.7300,2.77883033e-02,5.38007835e+00,5.38007835e+00,1.72942151e-02,3.34832362e+00,3.34832362e+00,9.34113908e-03,1.80853288e+00,1.80853288e+00,2.19220641e-02,2.90505284e-02,1.80797684e-02,2.29178277e-02
2.7400,2.74902482e-02,5.36232744e+00,5.36232744e+00,1.72242434e-02,3.35981081e+00,3.35981081e+00,9.25731559e-03,1.80575879e+00,1.80575879e+00,2.17600259e-02,2.87437173e-02,1.80096149e-02,2.27522148e-02
2.7500,2.72104181e-02,5.34744619e+00,5.34744619e+00,1.71361019e-02,3.36762127e+00,3.36762127e+00,9.19794717e-03,1.80759911e+00,1.80759911e+00,2.15935291e-02,2.84558632e-02,1.79204366e-02,2.25818842e-02
2.7600,2.70948543e-02,5.36442397e+00,5.36442397e+00,1.70275075e-02,3.37122202e+00,3.37122202e+00,9.12984134e-03,1.80758823e+00,1.80758823e+00,2.14792420e-02,2.83397268e-02,1.78098360e-02,2.24661053e-02
2.7700,2.69565846e-02,5.37668775e+00,5.37668775e+00,1.68981855e-02,3.37046655e+00,3.37046655e+00,9.05310280e-03,1.80570750e+00,1.80570750e+00,2.13428528e-02,2.81997986e-02,1.76775150e-02,2.23271664e-02
2.7800,2.67974516e-02,5.38450536e+00,5.38450536e+00,1.67415217e-02,3.36393231e+00,3.36393231e+00,8.96802904e-03,1.80197733e+00,1.80197733e+00,2.11808904e-02,2.80379948e-02,1.75165424e-02,2.21614243e-02
2.7900,2.66192310e-02,5.38814114e+00,5.38814114e+00,1.65548205e-02,3.35094990e+00,3.35094990e+00,8.93987615e-03,1.80956822e+00,1.80956822e+00,2.09922984e-02,2.78561624e-02,1.73240831e-02,2.19677598e-02
2.8000,2.64238710e-02,5.38790454e+00,5.38790454e+00,1.63402845e-02,3.33183177e+00,3.33183177e+00,8.97760823e-03,1.83056056e+00,1.83056056e+00,2.07791619e-02,2.76563307e-02,1.71024265e-02,2.17483416e-02
2.8100,2.62137325e-02,5.38420073e+00,5.38420073e+00,1.60920579e-02,3.30524736e+00,3.30524736e+00,9.00836988e-03,1.85028483e+00,1.85028483e+00,2.05385711e-02,2.74409620e-02,1.68454282e-02,2.15001106e-02
2.8200,2.59917767e-02,5.37757265e+00,5.37757265e+00,1.58094063e-02,3.27088954e+00,3.27088954e+00,9.03165732e-03,1.86860613e+00,1.86860613e+00,2.02710276e-02,2.72131490e-02,1.65523016e-02,2.12235777e-02
2.8300,2.57616600e-02,5.36872539e+00,5.36872539e+00,1.54964392e-02,3.22945519e+00,3.22945519e+00,9.04771659e-03,1.88554254e+00,1.88554254e+00,1.99803403e-02,2.69767141e-02,1.62273320e-02,2.09227172e-02
2.8400,2.55282141e-02,5.35863252e+00,5.35863252e+00,1.51500702e-02,3.18015427e+00,3.18015427e+00,9.05444326e-03,1.90061999e+00,1.90061999e+00,1.96660681e-02,2.67367136e-02,1.58672709e-02,2.05970551e-02
2.8500,2.52958590e-02,5.34820951e+00,5.34820951e+00,1.47728066e-02,3.12335963e+00,3.12335963e+00,9.05320091e-03,1.91408464e+00,1.91408464e+00,1.93310846e-02,2.64977758e-02,1.54747272e-02,2.02495889e-02
2.8600,2.50695668e-02,5.33851621e+00,5.33851621e+00,1.47913665e-02,3.14979316e+00,3.14979316e+00,9.04167217e-03,1.92540677e+00,1.92540677e+00,1.92565093e-02,2.62651103e-02,1.54967526e-02,2.01748337e-02
2.8700,2.48544069e-02,5.33066377e+00,5.33066377e+00,1.49312627e-02,3.20239149e+00,3.20239149e+00,9.02037896e-03,1.93465117e+00,1.93465117e+00,1.92641553e-02,2.60440324e-02,1.56459292e-02,2.01862103e-02
2.8800,2.46550846e-02,5.32571596e+00,5.32571596e+00,1.50532524e-02,3.25163543e+00,3.25163543e+00,8.98896970e-03,1.94169682e+00,1.94169682e+00,1.92649737e-02,2.58394791e-02,1.57763888e-02,2.01904351e-02
2.8900,2.44756091e-02,5.32461448e+00,5.32461448e+00,1.51547846e-02,3.29688977e+00,3.29688977e+00,9.00276173e-03,1.95853084e+00,1.95853084e+00,1.92593506e-02,2.56556612e-02,1.58854481e-02,2.01879092e-02
2.9000,2.43190105e-02,5.32811181e+00,5.32811181e+00,1.52326649e-02,3.33736201e+00,3.33736201e+00,9.08456218e-03,1.99035906e+00,1.99035906e+00,1.92469047e-02,2.54957659e-02,1.59697476e-02,2.01782295e-02
2.9100,2.41872576e-02,5.33674574e+00,5.33674574e+00,1.52820494e-02,3.37187511e+00,3.37187511e+00,9.14894122e-03,2.01864857e+00,2.01864857e+00,1.92257865e-02,2.53618695e-02,1.60241954e-02,2.01594532e-02
2.9200,2.40820125e-02,5.35099897e+00,5.35099897e+00,1.53039292e-02,3.40051768e+00,3.40051768e+00,9.19620957e-03,2.04338852e+00,2.04338852e+00,1.91976409e-02,2.52557281e-02,1.60498162e-02,2.01333006e-02
2.9300,2.40053692e-02,5.37146204e+00,5.37146204e+00,1.52928921e-02,3.42195068e+00,3.42195068e+00,9.22741891e-03,2.06473519e+00,2.06473519e+00,1.91601545e-02,2.51795521e-02,1.60409186e-02,2.00973417e-02
2.9400,2.39628570e-02,5.39951369e+00,5.39951369e+00,1.52509876e-02,3.43648155e+00,3.43648155e+00,9.24269121e-03,2.08264138e+00,2.08264138e+00,1.91169358e-02,2.51391573e-02,1.59996354e-02,2.00553571e-02
2.9500,2.39457933e-02,5.43334358e+00,5.43334358e+00,1.51750466e-02,3.44324537e+00,3.44324537e+00,9.24247442e-03,2.09713408e+00,2.09713408e+00,1.90624901e-02,2.51254510e-02,1.59226251e-02,2.00015784e-02
2.9600,2.39463624e-02,5.47128592e+00,5.47128592e+00,1.50655741e-02,3.44219562e+00,3.44219562e+00,9.22703855e-03,2.10820188e+00,2.10820188e+00,1.89938331e-02,2.51302447e-02,1.58103999e-02,1.99328678e-02
2.9700,2.39582815e-02,5.51197887e+00,5.51197887e+00,1.49236112e-02,3.43341110e+00,3.43341110e+00,9.19642879e-03,2.11578286e+00,2.11578286e+00,1.89088360e-02,2.51469533e-02,1.56640347e-02,1.98469834e-02
2.9800,2.39757861e-02,5.55414125e+00,5.55414125e+00,1.47480551e-02,3.41647949e+00,3.41647949e+00,9.15046850e-03,2.11976343e+00,2.11976343e+00,1.88041542e-02,2.51695309e-02,1.54823549e-02,1.97404055e-02
2.9900,2.39935139e-02,5.59654936e+00,5.59654936e+00,1.45398062e-02,3.39144752e+00,3.39144752e+00,9.08899400e-03,2.12003143e+00,2.12003143e+00,1.86778222e-02,2.51923506e-02,1.52662881e-02,1.96110602e-02
3.0000,2.40048112e-02,5.63764194e+00,5.63764194e+00,1.43011642e-02,3.35869516e+00,3.35869516e+00,9.01467642e-03,2.11713883e+00,2.11713883e+00,1.85282689e-02,2.52084248e-02,1.50182320e-02,1.94572858e-02
3.0100,2.40037557e-02,5.67598797e+00,5.67598797e+00,1.40318518e-02,3.31800669e+00,3.31800669e+00,8.92540730e-03,2.11052408e+00,2.11052408e+00,1.83525786e-02,2.52115301e-02,1.47378793e-02,1.92760081e-02
3.0200,2.39849069e-02,5.71023267e+00,5.71023267e+00,1.39519614e-02,3.32162830e+00,3.32162830e+00,8.82440340e-03,2.10087939e+00,2.10087939e+00,1.82930723e-02,2.51959448e-02,1.46564191e-02,1.92167200e-02
3.0300,2.39439668e-02,5.73925944e+00,5.73925944e+00,1.39157815e-02,3.33554924e+00,3.33554924e+00,8.73612471e-03,2.09400917e+00,2.09400917e+00,1.82537396e-02,2.51571436e-02,1.46208570e-02,1.91786078e-02
3.0400,2.38751972e-02,5.76157554e+00,5.76157554e+00,1.38718459e-02,3.34756137e+00,3.34756137e+00,8.67357514e-03,2.09311186e+00,2.09311186e+00,1.81987103e-02,2.50890850e-02,1.45771328e-02,1.91239882e-02
3.0500,2.37769505e-02,5.77664394e+00,5.77664394e+00,1.38216383e-02,3.35798667e+00,3.35798667e+00,8.59219858e-03,2.08748686e+00,2.08748686e+00,1.81283317e-02,2.49900227e-02,1.45268020e-02,1.90532179e-02
3.0600,2.36464839e-02,5.78364787e+00,5.78364787e+00,1.37622474e-02,3.36608155e+00,3.36608155e+00,8.49297022e-03,2.07727920e+00,2.07727920e+00,1.80396442e-02,2.48570577e-02,1.44668011e-02,1.89631777e-02
3.0700,2.34862295e-02,5.78302587e+00,5.78302587e+00,1.36935991e-02,3.37178167e+00,3.37178167e+00,8.37681824e-03,2.06262808e+00,2.06262808e+00,1.79335164e-02,2.46927303e-02,1.43970470e-02,1.88547713e-02
3.0800,2.33016469e-02,5.77598173e+00,5.77598173e+00,1.36173509e-02,3.37545112e+00,3.37545112e+00,8.24463839e-03,2.04367017e+00,2.04367017e+00,1.78131048e-02,2.45027657e-02,1.43192780e-02,1.87313083e-02
3.0900,2.30911529e-02,5.76199698e+00,5.76199698e+00,1.35302015e-02,3.37622727e+00,3.37622727e+00,8.09733196e-03,2.02054884e+00,2.02054884e+00,1.76756316e-02,2.42854859e-02,1.42300178e-02,1.85898601e-02
3.1000,2.28479884e-02,5.73924162e+00,5.73924162e+00,1.34317352e-02,3.37395013e+00,3.37395013e+00,7.97329201e-03,2.00283055e+00,2.00283055e+00,1.75182228e-02,2.40337672e-02,1.41288235e-02,1.84273942e-02
3.1100,2.25687213e-02,5.70668100e+00,5.70668100e+00,1.35021027e-02,3.41411423e+00,3.41411423e+00,7.92737616e-03,2.00450022e+00,2.00450022e+00,1.74563797e-02,2.37439816e-02,1.42052211e-02,1.83654161e-02
3.1200,2.22529058e-02,5.66401647e+00,5.66401647e+00,1.36738983e-02,3.48040772e+00,3.48040772e+00,7.87671224e-03,2.00485403e+00,2.00485403e+00,1.74437373e-02,2.34156409e-02,1.43883722e-02,1.83551888e-02
3.1300,2.19027461e-02,5.61162411e+00,5.61162411e+00,1.38313683e-02,3.54368532e+00,3.54368532e+00,7.82163714e-03,2.00395362e+00,2.00395362e+00,1.74053138e-02,2.30510454e-02,1.45565080e-02,1.83178254e-02
3.1400,2.15204501e-02,5.54989447e+00,5.54989447e+00,1.39734657e-02,3.60360770e+00,3.60360770e+00,7.75601957e-03,2.00019469e+00,2.00019469e+00,1.73411439e-02,2.26525010e-02,1.47085188e-02,1.82533486e-02
3.1500,2.11105939e-02,5.47984656e+00,5.47984656e+00,1.41011331e-02,3.66034449e+00,3.66034449e+00,7.67848783e-03,1.99316681e+00,1.99316681e+00,1.72535009e-02,2.22248081e-02,1.48453890e-02,1.81641383e-02
3.1600,2.06789894e-02,5.40285223e+00,5.40285223e+00,1.42128009e-02,3.71341468e+00,3.71341468e+00,7.61897769e-03,1.99062971e+00,1.99062971e+00,1.71436973e-02,2.17740720e-02,1.49654581e-02,1.80515639e-02
3.1700,2.02317559e-02,5.32040265e+00,5.32040265e+00,1.43065820e-02,3.76224275e+00,3.76224275e+00,7.62083564e-03,2.00407292e+00,2.00407292e+00,1.70131500e-02,2.13067253e-02,1.50667304e-02,1.79171060e-02
3.1800,1.97757567e-02,5.23422696e+00,5.23422696e+00,1.43818756e-02,3.80658006e+00,3.80658006e+00,7.60867108e-03,2.01385524e+00,2.01385524e+00,1.68645330e-02,2.08299889e-02,1.51485637e-02,1.77635699e-02
3.1900,1.93180107e-02,5.14614216e+00,5.14614216e+00,1.44382425e-02,3.84621634e+00,3.84621634e+00,7.58271251e-03,2.01996557e+00,2.01996557e+00,1.67008420e-02,2.03512525e-02,1.52104853e-02,1.75941021e-02
3.2000,1.88652965e-02,5.05794877e+00,5.05794877e+00,1.44758270e-02,3.88109412e+00,3.88109412e+00,7.54415871e-03,2.02265404e+00,2.02265404e+00,1.65254582e-02,1.98776573e-02,1.52526375e-02,1.74122572e-02
3.2100,1.84243952e-02,4.97149463e+00,4.97149463e+00,1.44971095e-02,3.91178658e+00,3.91178658e+00,7.49336485e-03,2.02195093e+00,2.02195093e+00,1.63432088e-02,1.94163521e-02,1.52776240e-02,1.72231161e-02
3.2200,1.80026498e-02,4.88882727e+00,4.88882727e+00,1.44991345e-02,3.93740726e+00,3.93740726e+00,7.43083065e-03,2.01792780e+00,2.01792780e+00,1.61562013e-02,1.89750828e-02,1.52823212e-02,1.70288963e-02
3.2300,1.76047181e-02,4.81131172e+00,4.81131172e+00,1.44820873e-02,3.95790698e+00,3.95790698e+00,7.35842804e-03,2.01103425e+00,2.01103425e+00,1.59672498e-02,1.85587696e-02,1.52669143e-02,1.68325621e-02
3.2400,1.72354634e-02,4.74040265e+00,4.74040265e+00,1.44462839e-02,3.97327308e+00,3.97327308e+00,7.27596691e-03,2.00116540e+00,2.00116540e+00,1.57793662e-02,1.81725529e-02,1.52317262e-02,1.66372879e-02
3.2500,1.68992481e-02,4.67745089e+00,4.67745089e+00,1.43926956e-02,3.98367587e+00,3.98367587e+00,7.18530355e-03,1.98878106e+00,1.98878106e+00,1.55956960e-02,1.78210482e-02,1.51777712e-02,1.64463914e-02
3.2600,1.65975907e-02,4.62304670e+00,4.62304670e+00,1.43241289e-02,3.98980297e+00,3.98980297e+00,7.08693857e-03,1.97397613e+00,1.97397613e+00,1.54190152e-02,1.75058745e-02,1.51080001e-02,1.62628027e-02
3.2700,1.63314705e-02,4.57764105e+00,4.57764105e+00,1.42382790e-02,3.99092846e+00,3.99092846e+00,6.98138467e-03,1.95685214e+00,1.95685214e+00,1.52490011e-02,1.72280831e-02,1.50199735e-02,1.60861851e-02
3.2800,1.61004408e-02,4.54129081e+00,4.54129081e+00,1.41357790e-02,3.98713824e+00,3.98713824e+00,6.87102006e-03,1.93804012e+00,1.93804012e+00,1.50861616e-02,1.69872217e-02,1.49143502e-02,1.59170780e-02
3.2900,1.59027205e-02,4.51367217e+00,4.51367217e+00,1.40172974e-02,3.97853218e+00,3.97853218e+00,6.75529070e-03,1.91735544e+00,1.91735544e+00,1.49302767e-02,1.67814293e-02,1.47918266e-02,1.57552528e-02
3.3000,1.57353435e-02,4.49411152e+00,4.49411152e+00,1.38844096e-02,3.96547334e+00,3.96547334e+00,6.63538206e-03,1.89510620e+00,1.89510620e+00,1.47809321e-02,1.66075931e-02,1.46540572e-02,1.56002763e-02
3.3100,1.55943574e-02,4.48163172e+00,4.48163172e+00,1.37391296e-02,3.94846146e+00,3.94846146e+00,6.51339589e-03,1.87187205e+00,1.87187205e+00,1.46373801e-02,1.64615569e-02,1.45031602e-02,1.54513623e-02
3.3200,1.56657420e-02,4.53015230e+00,4.53015230e+00,1.35798575e-02,3.92696515e+00,3.92696515e+00,6.38901663e-03,1.84754852e+00,1.84754852e+00,1.45855594e-02,1.65396900e-02,1.43374398e-02,1.53992471e-02
3.3300,1.57904403e-02,4.59453278e+00,4.59453278e+00,1.34072849e-02,3.90110782e+00,3.90110782e+00,6.26324242e-03,1.82241103e+00,1.82241103e+00,1.45501523e-02,1.66741467e-02,1.41576188e-02,1.53644464e-02
3.3400,1.58883490e-02,4.65161055e+00,4.65161055e+00,1.32220985e-02,3.87101598e+00,3.87101598e+00,6.13741634e-03,1.79684312e+00,1.79684312e+00,1.44940441e-02,1.67803549e-02,1.39644154e-02,1.53077708e-02
3.3500,1.59620466e-02,4.70200231e+00,4.70200231e+00,1.30254707e-02,3.83696370e+00,3.83696370e+00,6.01269687e-03,1.77118356e+00,1.77118356e+00,1.44191945e-02,1.68610243e-02,1.37590613e-02,1.52312792e-02
3.3600,1.60089235e-02,4.74480483e+00,4.74480483e+00,1.28197582e-02,3.79958405e+00,3.79958405e+00,5.88927226e-03,1.74549197e+00,1.74549197e+00,1.43258692e-02,1.69133847e-02,1.35440401e-02,1.51352423e-02
3.3700,1.60303355e-02,4.78027756e+00,4.78027756e+00,1.26033644e-02,3.75834802e+00,3.75834802e+00,5.76796285e-03,1.72001786e+00,1.72001786e+00,1.42139424e-02,1.69388547e-02,1.33176599e-02,1.50195175e-02
3.3800,1.60265494e-02,4.80836216e+00,4.80836216e+00,1.23769831e-02,3.71340178e+00,3.71340178e+00,5.64950532e-03,1.69499166e+00,1.69499166e+00,1.40840453e-02,1.69377025e-02,1.30806484e-02,1.48847617e-02
3.3900,1.59962653e-02,4.82852844e+00,4.82852844e+00,1.21413246e-02,3.66490117e+00,3.66490117e+00,5.53455620e-03,1.67062508e+00,1.67062508e+00,1.39361347e-02,1.69085407e-02,1.28337507e-02,1.47309197e-02
3.4000,1.59439187e-02,4.84197755e+00,4.84197755e+00,1.18971215e-02,3.61301363e+00,3.61301363e+00,5.42417923e-03,1.64725841e+00,1.64725841e+00,1.37726809e-02,1.68560444e-02,1.25777366e-02,1.45605936e-02
3.4100,1.58666364e-02,4.84770937e+00,4.84770937e+00,1.16460450e-02,3.55819847e+00,3.55819847e+00,5.31814206e-03,1.62484388e+00,1.62484388e+00,1.35935117e-02,1.67771639e-02,1.23143684e-02,1.43735930e-02
3.4200,1.57668202e-02,4.84632312e+00,4.84632312e+00,1.13890491e-02,3.50070663e+00,3.50070663e+00,5.21670745e-03,1.60348439e+00,1.60348439e+00,1.34003391e-02,1.66744257e-02,1.20446514e-02,1.41717199e-02
3.4300,1.56467672e-02,4.83840263e+00,4.83840263e+00,1.11257453e-02,3.44038067e+00,3.44038067e+00,5.11999522e-03,1.58324069e+00,1.58324069e+00,1.31940118e-02,1.65502476e-02,1.17681715e-02,1.39558644e-02
3.4400,1.55053825e-02,4.82349276e+00,4.82349276e+00,1.08569888e-02,3.37744698e+00,3.37744698e+00,5.02798184e-03,1.56413001e+00,1.56413001e+00,1.29746585e-02,1.64034604e-02,1.14858300e-02,1.37261560e-02
3.4500,1.53456154e-02,4.80239515e+00,4.80239515e+00,1.05836667e-02,3.31214803e+00,3.31214803e+00,4.94050497e-03,1.54612614e+00,1.54612614e+00,1.27441311e-02,1.62371735e-02,1.11985625e-02,1.34845468e-02
3.4600,1.51692489e-02,4.77556554e+00,4.77556554e+00,1.03066943e-02,3.24474169e+00,3.24474169e+00,4.85727294e-03,1.52916110e+00,1.52916110e+00,1.25037919e-02,1.60532638e-02,1.09073352e-02,1.32324725e-02
3.4700,1.49758685e-02,4.74277647e+00,4.74277647e+00,1.00270101e-02,3.17549982e+00,3.17549982e+00,4.77787881e-03,1.51312835e+00,1.51312835e+00,1.22541089e-02,1.58512836e-02,1.06131395e-02,1.29704234e-02
3.4800,1.47676963e-02,4.70463674e+00,4.70463674e+00,9.81551086e-03,3.12698827e+00,3.12698827e+00,4.70181826e-03,1.49788745e+00,1.49788745e+00,1.20396214e-02,1.56335763e-02,1.03910275e-02,1.27455451e-02
3.4900,1.45478261e-02,4.66205067e+00,4.66205067e+00,9.64965769e-03,3.09236534e+00,3.09236534e+00,4.62883915e-03,1.48337508e+00,1.48337508e+00,1.18482717e-02,1.54034096e-02,1.02171712e-02,1.25450896e-02
3.5000,1.43153712e-02,4.61466233e+00,4.61466233e+00,9.48018689e-03,3.05600608e+00,3.05600608e+00,4.55801312e-03,1.46930814e+00,1.46930814e+00,1.16495663e-02,1.51598383e-02,1.00394253e-02,1.23367769e-02
3.5100,1.40718137e-02,4.56287679e+00,4.56287679e+00,9.35483898e-03,3.03336715e+00,3.03336715e+00,4.48864803e-03,1.45547321e+00,1.45547321e+00,1.14734281e-02,1.49044254e-02,9.90835313e-03,1.21522965e-02
3.5200,1.38199571e-02,4.50754080e+00,4.50754080e+00,9.23595871e-03,3.01241607e+00,3.01241607e+00,4.42007767e-03,1.44166008e+00,1.44166008e+00,1.12978119e-02,1.46401346e-02,9.78408818e-03,1.19683068e-02
3.5300,1.35608030e-02,4.44893124e+00,4.44893124e+00,9.11010900e-03,2.98877938e+00,2.98877938e+00,4.35165337e-03,1.42765930e+00,1.42765930e+00,1.11148726e-02,1.43680229e-02,9.65239702e-03,1.17764962e-02
3.5400,1.32945554e-02,4.38706893e+00,4.38706893e+00,8.97820128e-03,2.96271568e+00,2.96271568e+00,4.28276561e-03,1.41326937e+00,1.41326937e+00,1.09252549e-02,1.40883023e-02,9.51424174e-03,1.15775435e-02
3.5500,1.30225025e-02,4.32233600e+00,4.32233600e+00,8.84162946e-03,2.93465049e+00,2.93465049e+00,4.21286302e-03,1.39830340e+00,1.39830340e+00,1.07303374e-02,1.38023345e-02,9.37109645e-03,1.13729067e-02
3.5600,1.27460750e-02,4.25517180e+00,4.25517180e+00,8.69962153e-03,2.90429675e+00,2.90429675e+00,4.14146830e-03,1.38259496e+00,1.38259496e+00,1.05302435e-02,1.35116328e-02,9.22214025e-03,1.11627135e-02
3.5700,1.24678031e-02,4.18639574e+00,4.18639574e+00,8.55275588e-03,2.87181474e+00,2.87181474e+00,4.08267183e-03,1.37086540e+00,1.37086540e+00,1.03263777e-02,1.32188775e-02,9.06798341e-03,1.09484502e-02
3.5800,1.21871076e-02,4.11579658e+00,4.11579658e+00,8.40172347e-03,2.83740702e+00,2.83740702e+00,4.07657928e-03,1.37673118e+00,1.37673118e+00,1.01189282e-02,1.29234533e-02,8.90935603e-03,1.07303144e-02
3.5900,1.19351557e-02,4.05394162e+00,4.05394162e+00,8.27945477e-03,2.81223196e+00,2.81223196e+00,4.07343679e-03,1.38359946e+00,1.38359946e+00,9.94065298e-03,1.26584148e-02,8.78118186e-03,1.05430471e-02
3.6000,1.19118018e-02,4.06926786e+00,4.06926786e+00,8.19865109e-03,2.80079437e+00,2.80079437e+00,4.07266952e-03,1.39129105e+00,1.39129105e+00,9.88234318e-03,1.26357786e-02,8.69694960e-03,1.04829733e-02
3.6100,1.19053785e-02,4.09039038e+00,4.09039038e+00,8.11433108e-03,2.78788127e+00,2.78788127e+00,4.07370274e-03,1.39962240e+00,1.39962240e+00,9.82874269e-03,1.26310974e-02,8.60895821e-03,1.04278756e-02
3.6200,1.19139630e-02,4.11674411e+00,4.11674411e+00,8.02680998e-03,2.77357944e+00,2.77357944e+00,4.07597323e-03,1.40840952e+00,1.40840952e+00,9.77911636e-03,1.26423399e-02,8.51754031e-03,1.03769764e-02
3.6300,1.19352596e-02,4.14761998e+00,4.14761998e+00,7.93679013e-03,2.75811255e+00,2.75811255e+00,4.07910040e-03,1.41752747e+00,1.41752747e+00,9.73281308e-03,1.26670778e-02,8.42343957e-03,1.03295868e-02
3.6400,1.19666720e-02,4.18218615e+00,4.18218615e+00,7.84485676e-03,2.74166879e+00,2.74166879e+00,4.08249015e-03,1.42677377e+00,1.42677377e+00,9.68900553e-03,1.27025619e-02,8.32727582e-03,1.02848304e-02
3.6500,1.20053800e-02,4.21951192e+00,4.21951192e+00,7.75064201e-03,2.72410590e+00,2.72410590e+00,4.08561887e-03,1.43596601e+00,1.43596601e+00,9.64621181e-03,1.27458035e-02,8.22865752e-03,1.02411353e-02
3.6600,1.20484646e-02,4.25860975e+00,4.25860975e+00,7.65446085e-03,2.70551998e+00,2.70551998e+00,4.08805372e-03,1.44494971e+00,1.44494971e+00,9.60335880e-03,1.27937071e-02,8.12791782e-03,1.01973624e-02
3.6700,1.20937906e-02,4.29874759e+00,4.29874759e+00,7.55661954e-03,2.68600648e+00,2.68600648e+00,4.08959439e-03,1.45364961e+00,1.45364961e+00,9.55971624e-03,1.28440074e-02,8.02538095e-03,1.01527362e-02
3.6800,1.21375625e-02,4.33858292e+00,4.33858292e+00,7.45810768e-03,2.66590747e+00,2.66590747e+00,4.08987896e-03,1.46193101e+00,1.46193101e+00,9.51437062e-03,1.28926738e-02,7.92209714e-03,1.01062859e-02
3.6900,1.21775336e-02,4.37729966e+00,4.37729966e+00,7.35865158e-03,2.64511881e+00,2.64511881e+00,4.08847776e-03,1.46963194e+00,1.46963194e+00,9.46626783e-03,1.29373187e-02,7.81777525e-03,1.00568907e-02
3.7000,1.22110098e-02,4.41390192e+00,4.41390192e+00,7.25833390e-03,2.62366294e+00,2.62366294e+00,4.08549310e-03,1.47677924e+00,1.47677924e+00,9.41443501e-03,1.29750775e-02,7.71250258e-03,1.00035153e-02
3.7100,1.22357038e-02,4.44751964e+00,4.44751964e+00,7.15740364e-03,2.60162340e+00,2.60162340e+00,4.08045074e-03,1.48319093e+00,1.48319093e+00,9.35819804e-03,1.30035156e-02,7.60654327e-03,9.94544139e-03
3.7200,1.22491541e-02,4.47720051e+00,4.47720051e+00,7.05609162e-03,2.57907906e+00,2.57907906e+00,4.07352606e-03,1.48891856e+00,1.48891856e+00,9.29683569e-03,1.30200123e-02,7.50014234e-03,9.88189989e-03
3.7300,1.22503161e-02,4.50249251e+00,4.50249251e+00,6.97773027e-03,2.56460144e+00,2.56460144e+00,4.06442611e-03,1.49384293e+00,1.49384293e+00,9.24550709e-03,1.30234505e-02,7.41810452e-03,9.82900388e-03
3.7400,1.22462436e-02,4.52592787e+00,4.52592787e+00,6.94382541e-03,2.56627697e+00,2.56627697e+00,4.05321549e-03,1.49797453e+00,1.49797453e+00,9.22148456e-03,1.30213242e-02,7.38330912e-03,9.80512427e-03
3.7500,1.23959802e-02,4.60657811e+00,4.60657811e+00,6.90731148e-03,2.56688615e+00,2.56688615e+00,4.03997108e-03,1.50132882e+00,1.50132882e+00,9.25326409e-03,1.31827688e-02,7.34572729e-03,9.84058048e-03
3.7600,1.25435614e-02,4.68710945e+00,4.68710945e+00,6.86841081e-03,2.56649544e+00,2.56649544e+00,4.02461421e-03,1.50386375e+00,1.50386375e+00,9.28193584e-03,1.33419754e-02,7.30559406e-03,9.87274309e-03
3.7700,1.26865171e-02,4.76658324e+00,4.76658324e+00,6.88119228e-03,2.58540428e+00,2.58540428e+00,4.00720413e-03,1.50558832e+00,1.50558832e+00,9.34335934e-03,1.34963151e-02,7.32042832e-03,9.93975893e-03
3.7800,1.28235922e-02,4.84449941e+00,4.84449941e+00,6.90835866e-03,2.60984121e+00,2.60984121e+00,3.98783693e-03,1.50652589e+00,1.50652589e+00,9.41222473e-03,1.36444501e-02,7.35057333e-03,1.00147157e-02
3.7900,1.29525901e-02,4.91998981e+00,4.91998981e+00,6.92916367e-03,2.63201524e+00,2.63201524e+00,3.96692760e-03,1.50682166e+00,1.50682166e+00,9.47368023e-03,1.37840396e-02,7.37395882e-03,1.00818124e-02
3.8000,1.30726935e-02,4.99269454e+00,4.99269454e+00,6.94359332e-03,2.65188198e+00,2.65188198e+00,3.94585624e-03,1.50699279e+00,1.50699279e+00,9.52740612e-03,1.39142093e-02,7.39056649e-03,1.01407046e-02
3.8100,1.31821901e-02,5.06190303e+00,5.06190303e+00,6.95170311e-03,2.66942342e+00,2.66942342e+00,3.92303489e-03,1.50642814e+00,1.50642814e+00,9.57280901e-03,1.40331317e-02,7.40045197e-03,1.01907564e-02
3.8200,1.32805517e-02,5.12734722e+00,5.12734722e+00,6.95361081e-03,2.68464578e+00,2.68464578e+00,3.89814993e-03,1.50499533e+00,1.50499533e+00,9.60977563e-03,1.41402384e-02,7.40373721e-03,1.02318429e-02
3.8300,1.33672181e-02,5.18874189e+00,5.18874189e+00,6.94948945e-03,2.69757753e+00,2.69757753e+00,3.87148700e-03,1.50279188e+00,1.50279188e+00,9.63822291e-03,1.42349272e-02,7.40060315e-03,1.02638709e-02
3.8400,1.34414216e-02,5.24571572e+00,5.24571572e+00,6.93957797e-03,2.70827405e+00,2.70827405e+00,3.84278961e-03,1.49970610e+00,1.49970610e+00,9.65804291e-03,1.43163739e-02,7.39130101e-03,1.02867210e-02
3.8500,1.35029013e-02,5.29808934e+00,5.29808934e+00,6.92458888e-03,2.71697836e+00,2.71697836e+00,3.81239203e-03,1.49585583e+00,1.49585583e+00,9.66964529e-03,1.43842939e-02,7.37658667e-03,1.03008248e-02
3.8600,1.35515135e-02,5.34572698e+00,5.34572698e+00,6.90434970e-03,2.72359014e+00,2.72359014e+00,3.78032231e-03,1.49124089e+00,1.49124089e+00,9.67286865e-03,1.44385272e-02,7.35627360e-03,1.03060058e-02
3.8700,1.35873211e-02,5.38857315e+00,5.38857315e+00,6.87918728e-03,2.72820549e+00,2.72820549e+00,3.74646758e-03,1.48580537e+00,1.48580537e+00,9.66797426e-03,1.44791338e-02,7.33070726e-03,1.03025381e-02
3.8800,1.36106545e-02,5.42667906e+00,5.42667906e+00,6.84945394e-03,2.73093321e+00,2.73093321e+00,3.71091533e-03,1.47957224e+00,1.47957224e+00,9.65533795e-03,1.45064590e-02,7.30026049e-03,1.02908177e-02
3.8900,1.36212831e-02,5.45987345e+00,5.45987345e+00,6.81552224e-03,2.73189306e+00,2.73189306e+00,3.67411258e-03,1.47270925e+00,1.47270925e+00,9.63515221e-03,1.45202503e-02,7.26532794e-03,1.02710457e-02
3.9000,1.36192969e-02,5.48811173e+00,5.48811173e+00,6.77778005e-03,2.73121398e+00,2.73121398e+00,3.63582898e-03,1.46511496e+00,1.46511496e+00,9.60773642e-03,1.45205966e-02,7.22632088e-03,1.02435585e-02
3.9100,1.36053356e-02,5.51157241e+00,5.51157241e+00,6.73662582e-03,2.72903234e+00,2.72903234e+00,3.59610088e-03,1.45679393e+00,1.45679393e+00,9.57361245e-03,1.45081732e-02,7.18366211e-03,1.02089086e-02
3.9200,1.35797872e-02,5.53033644e+00,5.53033644e+00,6.69246403e-03,2.72549026e+00,2.72549026e+00,3.55502014e-03,1.44777361e+00,1.44777361e+00,9.53321756e-03,1.44833874e-02,7.13778119e-03,1.01675587e-02
3.9300,1.35422079e-02,5.54414727e+00,5.54414727e+00,6.64570085e-03,2.72073391e+00,2.72073391e+00,3.51277943e-03,1.43812343e+00,1.43812343e+00,9.48669924e-03,1.44457597e-02,7.08910973e-03,1.01196628e-02
3.9400,1.34943948e-02,5.55366623e+00,5.55366623e+00,6.63211866e-03,2.72947204e+00,2.72947204e+00,3.48168936e-03,1.43290165e+00,1.43290165e+00,9.46025515e-03,1.43972008e-02,7.07582260e-03,1.00931679e-02
3.9500,1.34351353e-02,5.55832459e+00,5.55832459e+00,6.64966840e-03,2.75107132e+00,2.75107132e+00,3.46502286e-03,1.43353389e+00,1.43353389e+00,9.45194130e-03,1.43364110e-02,7.09575134e-03,1.00860105e-02
3.9600,1.33662066e-02,5.55878626e+00,5.55878626e+00,6.66436990e-03,2.77160221e+00,2.77160221e+00,3.44678649e-03,1.43346201e+00,1.43346201e+00,9.43807953e-03,1.42652811e-02,7.11264702e-03,1.00729295e-02
3.9700,1.32865272e-02,5.55453495e+00,5.55453495e+00,6.67618074e-03,2.79102874e+00,2.79102874e+00,3.42706058e-03,1.43270905e+00,1.43270905e+00,9.41824067e-03,1.41826511e-02,7.12646282e-03,1.00534639e-02
3.9800,1.31979979e-02,5.54629795e+00,5.54629795e+00,6.68509894e-03,2.80933145e+00,2.80933145e+00,3.40606563e-03,1.43135762e+00,1.43135762e+00,9.39307841e-03,1.40905447e-02,7.13719505e-03,1.00283082e-02
3.9900,1.30991384e-02,5.53339049e+00,5.53339049e+00,6.69116013e-03,2.82650665e+00,2.82650665e+00,3.38360265e-03,1.42931498e+00,1.42931498e+00,9.36207415e-03,1.39873763e-02,7.14488018e-03,9.99690589e-03
4.0000,1.29919878e-02,5.51660894e+00,5.51660894e+00,6.69443438e-03,2.84256551e+00,2.84256551e+00,3.35972439e-03,1.42659352e+00,1.42659352e+00,9.32598575e-03,1.38753180e-02,7.14959152e-03,9.96006305e-03
